profile_id,pct_weeks_with_income,income_coefficient_of_variation,longest_dry_streak_days,trend_last_6_months,year_over_year_change,expense_to_income_ratio,ontime_bill_payment_rate,cash_buffer_days,worst_monthly_dip_pct,months_would_cover_emi_of_last_24,digital_share,cash_share,sufficiency_outcome,sufficiency_months_available,sufficiency_transactions_per_month
MSME0001,1.0,0.3957324538591692,1,0.0516207043126853,0.11618515909128745,0.37832965765992826,0.875,48.363644008522385,0.6419008333066148,22,0.7480197410988747,0.25198025890112535,FULL,24,233.75
MSME0002,1.0,0.20817539684706465,2,0.019429884071226085,-0.016057287721133583,0.640447496365721,0.6666666666666666,15.546879278611236,0.5906597984634013,21,0.6246149089265166,0.37538509107348333,FULL,24,152.917
MSME0003,0.9565217391304348,0.13982127858827115,3,,,0.5084442718391701,0.0,32.18410117803882,0.21546654977588095,5,0.7073508705667786,0.29264912943322136,NOT_ASSESSABLE,5,63.2
MSME0004,0.9904761904761905,0.21528280538600858,8,0.3269659371228642,0.2637320785765867,0.6650483965552755,1.0,13.939276830235443,0.36624889212687384,24,0.9065758845955532,0.09342411540444683,FULL,24,45.208
MSME0005,1.0,0.38253157760290063,1,0.17362959896896635,0.14759411586901738,0.3312754731575035,1.0,60.06841707048542,0.37090427456402486,24,0.8390221449152879,0.1609778550847121,FULL,24,238.625
MSME0006,1.0,0.4623754722128758,5,-0.13222439033136402,-0.11339721065822471,1.1538852053428095,0.25,-3.0498757208979224,0.6558852480035627,10,0.5709809164576791,0.4290190835423208,FULL,24,134.083
MSME0007,1.0,0.43344084622368,1,0.0060932301802959655,0.012085764050345615,0.3202626916456131,0.9583333333333334,47.024368925866625,0.16266319589748765,24,0.3421232431901164,0.6578767568098836,FULL,24,79.875
MSME0008,1.0,0.18690948922334533,8,0.061115455747701476,0.03145575615373015,0.6244977942128066,0.9565217391304348,18.66389981806395,0.40215082436308736,24,0.8866219508769869,0.11337804912301316,FULL,24,44.417
MSME0009,1.0,0.3737395170483031,3,0.06664929232322693,0.040076953482117365,0.5014823189232721,0.9166666666666666,30.879454726330717,0.34717588709934943,24,0.7567024738167633,0.2432975261832367,FULL,24,228.875
MSME0010,1.0,0.20597775592651302,2,0.14750261264170805,0.15089370489443324,0.5673323710057924,1.0,19.653451958036595,0.4347407712569533,23,0.8034688668643604,0.19653113313563975,FULL,24,170.458
MSME0011,1.0,0.4762023064046206,5,0.1290647436916626,0.14523324888409164,0.19795123571111106,0.9583333333333334,93.05614971276475,0.38045446504937735,24,0.8218747814073721,0.17812521859262787,FULL,24,80.458
MSME0012,1.0,0.19152711215077128,7,-0.012938263605814222,0.060973749900427573,0.08528901032160265,0.75,340.00180777420945,0.3437234916012319,24,0.7674282872867719,0.23257171271322805,FULL,24,41.25
MSME0013,1.0,0.36481732361641417,2,-0.002646664046667507,0.01255345951639865,0.3318158744870686,0.75,59.05849608675072,0.381436252770023,24,0.7496682101964495,0.25033178980355053,FULL,24,231.792
MSME0014,1.0,0.1716542900026716,2,0.06308773034927911,0.046208957451866976,0.6458763081012041,0.7916666666666666,16.057602012805578,0.3532023956202959,21,0.7343351976252869,0.2656648023747132,FULL,24,161.417
MSME0015,1.0,0.45696025836107723,5,0.20063001033261785,0.17633053183129718,0.2007375067918871,1.0,87.70797167967227,0.19188834124190457,24,0.8519166504478813,0.1480833495521187,FULL,24,79.375
MSME0016,0.9904761904761905,0.28268155356097213,8,-0.08793514362589455,-0.09813630797757322,1.089823342747001,0.5416666666666666,-0.510498333228855,0.6521675097579267,24,0.8001778668971408,0.1998221331028593,FULL,24,41.833
MSME0017,1.0,0.3960183169678346,7,0.1633012806610124,0.1751638371749223,0.34544467423069125,0.9166666666666666,53.88610965847375,0.5073826945298039,24,0.841814281768439,0.15818571823156102,FULL,24,236.292
MSME0018,1.0,0.17496349519949111,2,0.12619890223111543,0.1442740537253978,0.5906917299120391,0.9583333333333334,17.843584832557223,0.17786074290499898,24,0.8365123053771618,0.16348769462283816,FULL,24,173.792
MSME0019,1.0,0.435416181844786,2,0.0523869079906963,0.03740464286529683,0.44531026916497196,0.7916666666666666,28.21158473175502,0.20316621182852285,24,0.7797540437608843,0.22024595623911572,FULL,24,78.083
MSME0020,1.0,0.2015776891524862,6,0.06238452554700033,0.07313383416352268,0.4537498852793829,1.0,37.811410201853995,0.3686788365787275,24,0.8907094929470836,0.10929050705291635,FULL,24,46.375
MSME0021,1.0,0.35206277458331986,9,-0.31177631913590315,-0.15341060092316572,0.9598833347565783,0.20833333333333334,0.7734605642642598,0.6154035101355178,21,0.6592867675089306,0.34071323249106955,FULL,24,186.167
MSME0022,1.0,0.26814505440414593,6,0.012050902404366164,-0.02198867379199738,0.8791518032231272,0.375,4.4480377748397455,0.6421764853308252,11,0.5961607426720671,0.4038392573279329,FULL,24,131.625
MSME0023,1.0,0.4288191392062906,1,0.1264510489997052,0.13902900017568792,0.4113035783304638,0.9166666666666666,33.51548383228578,0.20657419208970076,24,0.8774007262160722,0.12259927378392775,FULL,24,84.833
MSME0024,1.0,0.2623514165363772,7,0.011184190147249097,0.1414309997186085,0.08860674831719532,0.875,320.9504871426291,0.4468310698117703,24,0.8633609100903832,0.13663908990961673,FULL,24,40.542
MSME0025,1.0,0.4590075746465041,2,-0.09120620017322327,-0.10804965115737888,0.7454444899946485,0.4583333333333333,5.8996480279437975,0.38730272748759975,23,0.7107807910570539,0.2892192089429461,FULL,24,217.583
MSME0026,1.0,0.14890702062207714,2,0.10197383770985725,0.10616943595359411,0.5979192415446726,0.9583333333333334,19.273449816952088,0.13358271355434487,24,0.8434379116467405,0.1565620883532595,FULL,24,166.667
MSME0027,1.0,0.46195200147354787,2,-0.17194173891205072,-0.12293597845813727,0.2596215870954261,0.5416666666666666,66.20697200514716,0.5039828954343327,24,0.6575557777051383,0.3424442222948618,FULL,24,71.167
MSME0028,0.9809523809523809,0.22936328731380595,11,-0.06629677307399337,-0.10917142578360825,0.16936747109953176,0.4583333333333333,161.37829666460135,0.5242610054938507,24,0.6249119804624192,0.37508801953758075,FULL,24,32.042
MSME0029,1.0,0.37680840794509435,3,0.11550661981029856,0.12139066473915558,0.3180518642091592,1.0,59.50350076339478,0.424845251050299,24,0.8361438099121843,0.16385619008781582,FULL,24,239.625
MSME0030,1.0,0.21352555939067402,1,0.2365934262336939,0.19310448336027897,0.660159523926532,0.9583333333333334,13.861815957989155,0.38158409533643367,22,0.8640264768857326,0.13597352311426736,FULL,24,169.917
MSME0031,1.0,0.4443811638317717,7,-0.13569002687068288,-0.07492087416201222,0.2677134131443952,0.7391304347826086,68.72350793445436,0.33756285242858974,24,0.6869596716710986,0.31304032832890133,FULL,24,72.208
MSME0032,1.0,0.2331718562859378,9,0.008914885334589673,-0.12571164957568484,0.026540214929112103,0.5416666666666666,1090.3207770695542,0.4784400270484884,24,0.6656198315573046,0.3343801684426953,FULL,24,38.0
MSME0033,1.0,0.5007655966647109,5,-0.38540504371411083,-0.20779806318146982,0.6225817688353096,0.4583333333333333,18.515721014954835,0.7987473828759595,17,0.5794598693403415,0.42054013065965834,FULL,24,192.167
MSME0034,1.0,0.15956678621296036,1,0.09932281422759122,0.11498214726045107,0.6066921594422967,0.9583333333333334,16.376971278923115,0.15996413545471397,24,0.8320851226728642,0.1679148773271358,FULL,24,168.75
MSME0035,1.0,0.469424925172423,3,0.12829723938368295,0.03274161340360624,0.4749902360806971,0.625,25.824036479396785,0.5704867005982948,24,0.8163373692727999,0.18366263072720013,FULL,24,78.417
MSME0036,1.0,0.1808333670972603,7,-0.08939051957191914,-0.06461067074237987,0.06683212217618292,0.75,425.82401296966674,0.3472012848618252,24,0.7536308153882951,0.24636918461170493,FULL,24,39.75
MSME0037,1.0,0.5358584924684086,7,-0.03318619713789162,0.06743338611231495,0.5543272881520082,0.16666666666666666,29.124479840691112,0.8285641039597589,18,0.5765164091927115,0.4234835908072885,FULL,24,190.292
MSME0038,1.0,0.19016982792385037,4,0.1474349083141925,0.17171554817553283,0.5836588011233909,1.0,20.128155837648734,0.27020877118220665,24,0.8484621463715729,0.151537853628427,FULL,24,166.667
MSME0039,1.0,0.4397221039610522,5,0.09930196640225038,0.08934980295971583,0.20216763908506633,1.0,97.8161173094943,0.29776266873814694,24,0.8443323016146669,0.15566769838533312,FULL,24,79.25
MSME0040,1.0,0.21708153233559419,8,0.045698152036607875,0.11362266294266186,0.0603286502480772,0.9166666666666666,447.50731424542425,0.40986482286107284,24,0.8444207470151394,0.1555792529848606,FULL,24,41.792
MSME0041,1.0,0.33644273191064245,3,-0.24152666741580558,-0.17832509213294337,0.4283806616235711,0.5416666666666666,41.04231194538396,0.4428920960249635,23,0.6600737839403624,0.3399262160596376,FULL,24,216.125
MSME0042,1.0,0.16406029548439469,4,0.20548360710385782,0.09503654107947129,0.7032621467110928,0.8333333333333334,13.242440234222437,0.4274599179972104,22,0.7239208108247901,0.27607918917520996,FULL,24,168.708
MSME0043,1.0,0.45282785097304246,1,0.1414044388206031,0.11635660217063244,0.2109230478416455,0.875,86.21975831557168,0.16340831685225024,24,0.8416053421661559,0.15839465783384413,FULL,24,77.5
MSME0044,0.9904761904761905,0.3607190665691619,9,0.17803616296533464,-0.15304375429342465,0.1421320062578935,0.2916666666666667,230.98405622770377,0.6071682469731093,24,0.6389925350040543,0.3610074649959457,FULL,24,31.333
MSME0045,1.0,0.5155643222397331,4,-0.18177862371385217,-0.16653322946160984,0.9115865244613492,0.25,1.1397456660517575,0.6943003854797805,20,0.6821543450370863,0.3178456549629137,FULL,24,194.458
MSME0046,1.0,0.17441389103178592,2,0.03834025993726889,0.0444135737262945,0.6840974351461201,0.8333333333333334,11.508650992756282,0.16187092698842237,23,0.7213349075154323,0.27866509248456767,FULL,24,165.375
MSME0047,1.0,0.44615031671471816,2,0.1808344347041986,0.14460440516539705,0.20236708691528316,0.9583333333333334,90.75296640000131,0.18108512074065203,24,0.8172872049879161,0.18271279501208396,FULL,24,81.583
MSME0048,0.9809523809523809,0.3585421801040536,9,-0.24380744300653207,-0.10313481939272005,0.08773816242480145,0.16666666666666666,339.05411019930784,0.7207925886541331,24,0.6118861603264644,0.3881138396735356,FULL,24,30.708
MSME0049,1.0,0.39860941041819314,2,-0.06793751940402079,-0.015868659026698276,0.34633792190755003,0.9166666666666666,53.57666274430988,0.6303916023204112,23,0.7616363960708704,0.23836360392912959,FULL,24,233.583
MSME0050,1.0,0.172251732448784,2,0.03943511517570731,0.037782902127073144,0.6896799827197574,0.9166666666666666,11.314897084340258,0.1384191424519985,23,0.7384037281359824,0.2615962718640175,FULL,24,165.625
MSME0051,1.0,0.4282424115889693,8,0.10886381488157296,0.10264450196851659,0.18890971618311314,0.875,95.95406903924525,0.3104780768548022,24,0.8330892516800257,0.16691074831997438,FULL,24,77.958
MSME0052,1.0,0.3568110415111869,8,0.08828158112263924,-0.05684690933950335,0.1604235478943022,0.4166666666666667,175.48670761848715,0.729398964803882,24,0.5869101930503426,0.41308980694965725,FULL,24,30.792
MSME0053,1.0,0.3727042624725344,1,0.11285471602487682,0.12200297263580667,0.490278101164296,0.875,29.28751627815021,0.3697705207746669,24,0.8538979027175175,0.1461020972824824,FULL,24,244.75
MSME0054,1.0,0.16702714395374024,2,0.14238322425687694,0.059981111118665074,0.6348265928615427,0.9166666666666666,17.220641738732773,0.26230307223784094,22,0.6984260928545833,0.3015739071454167,FULL,24,166.0
MSME0055,1.0,0.4452053834232669,6,0.1491147763231644,0.14864639275868283,0.20954476641518696,0.9166666666666666,83.45727430436017,0.2598541701362203,24,0.8690312105269845,0.1309687894730155,FULL,24,80.125
MSME0056,0.9809523809523809,0.2328388015748478,12,0.3295862681394097,0.3179549421920846,0.5890030424894415,0.9130434782608695,19.47998225354969,0.4096114516020658,24,0.8965136926586227,0.10348630734137737,FULL,24,43.5
MSME0057,0.9904761904761905,0.405488772147567,8,0.07799547679215972,0.07678637919214168,0.3377024110180067,0.875,55.64661301006311,0.4355874240764946,24,0.8388582378945473,0.1611417621054526,FULL,24,236.542
MSME0058,1.0,0.26279729132525753,4,-0.12455422766124365,-0.15944408867163742,0.7243726493187881,0.5,10.451324793466933,0.5786843577398805,16,0.5928948530619591,0.4071051469380409,FULL,24,151.25
MSME0059,1.0,0.4207677067594573,6,0.08331843196723077,0.0530657073398893,0.21665305800091347,0.7916666666666666,89.36448510081927,0.18560364299820728,24,0.7224643774935896,0.2775356225064105,FULL,24,77.292
MSME0060,1.0,0.2424483783251081,7,-0.07275871543731582,-0.0010780635896356378,0.25859981833023216,0.7083333333333334,83.58176086184592,0.4877584023439715,24,0.7262137014838129,0.27378629851618713,FULL,24,40.042
MSME0061,1.0,0.36064621638035693,4,0.04269518315478431,0.019479712572144713,0.40200573538759726,0.75,43.076621008806704,0.4112862820040264,24,0.6432949829591085,0.3567050170408915,FULL,24,207.125
MSME0062,0.9904761904761905,0.19529252167382544,8,0.14108889006520403,0.15953231345839158,0.5673096500129382,1.0,21.064887418548512,0.3347796686187964,23,0.8116718153935767,0.18832818460642328,FULL,24,164.042
MSME0063,1.0,0.47471614342746427,4,-0.2234736332841977,-0.20447410172164623,0.312721566004766,0.4166666666666667,55.596643335916,0.38810972923684733,24,0.5706671234896629,0.4293328765103372,FULL,24,58.583
MSME0064,0.9904761904761905,0.23144796918562116,8,-0.03567569288968944,-0.007882346228633416,0.06934084790234095,0.8333333333333334,399.3304672099178,0.49772507773333147,24,0.7518631537970502,0.24813684620294985,FULL,24,38.167
MSME0065,1.0,0.298024579352293,2,-0.1742569297837761,-0.12270291802945879,0.3868421370222532,0.5,46.986350155592426,0.37749864393526517,24,0.6599606004345268,0.34003939956547324,FULL,24,219.5
MSME0066,1.0,0.19055416155487395,2,-0.023501580790719383,-0.003120951498620932,0.6122319935104069,0.9166666666666666,17.45399414488785,0.414224931751044,22,0.7337875213598163,0.2662124786401837,FULL,24,163.417
MSME0067,1.0,0.4926098064316566,2,0.02728450467657676,-0.031136405270032353,0.28958155087747023,0.625,62.75206575266098,0.605989027033898,22,0.6799962194095746,0.3200037805904255,FULL,24,72.167
MSME0068,1.0,0.2387936235560946,6,0.0020836757689917736,-0.01797582960947825,0.04036713817418028,0.8333333333333334,702.0902187552871,0.39216686087326563,24,0.7324370739175986,0.26756292608240134,FULL,24,39.417
MSME0069,1.0,0.3789786169221921,2,0.12716084936461403,0.12819658497092695,0.5381637876302556,0.9583333333333334,24.98190286452154,0.3864817595825453,24,0.8560922880004624,0.1439077119995375,FULL,24,243.292
MSME0070,1.0,0.25490911865899585,3,0.1414968311500082,-0.028391477687878055,0.7008942170719917,0.5833333333333334,14.230198722737189,0.6547313827296304,18,0.6570875993614741,0.3429124006385258,FULL,24,153.292
MSME0071,1.0,0.37077322847181704,3,-0.056806008420631764,-0.0717258605127294,0.5785348631808742,0.5833333333333334,20.49634353063033,0.21159610983084795,24,0.7223656389735632,0.27763436102643674,FULL,24,74.625
MSME0072,1.0,0.36723680876339215,7,-0.010404535706211037,-0.20637649835413957,0.23311388537116234,0.2916666666666667,110.64352225497835,0.7404161291300496,24,0.6234485634433345,0.3765514365566656,FULL,24,30.917
MSME0073,1.0,0.37511819110471367,1,0.17153567823104957,0.15014537864125244,0.5077877795017901,1.0,29.550111088539392,0.3858267268390746,24,0.8432919659559486,0.1567080340440514,FULL,24,242.833
MSME0074,1.0,0.149088560641283,2,0.014409870968064065,0.017889265811562725,0.6033096429643505,0.9166666666666666,18.589060102863215,0.13761072097143875,22,0.7251073378098866,0.27489266219011343,FULL,24,161.583
MSME0075,1.0,0.45063722846655857,2,0.08085357917332435,0.08258671425122127,0.2258069275743357,0.6666666666666666,81.09954424104299,0.44033283172185733,24,0.756283884308699,0.24371611569130106,FULL,24,77.458
MSME0076,1.0,0.18656956059305435,6,0.07926441210861199,0.09921294631921239,0.0418489362369063,0.875,706.9692320566821,0.32290595280953777,24,0.8276610261708933,0.1723389738291067,FULL,24,43.167
MSME0077,1.0,0.502872688460043,6,-0.379783087527144,-0.3816515916375608,0.5482214970168287,0.3333333333333333,21.911910642200123,0.6324296964638876,19,0.579197926489067,0.4208020735109329,FULL,24,188.375
MSME0078,1.0,0.23924397152802804,3,-0.17450327166268081,-0.11202187425336894,0.6730316419115326,0.5,13.79870195279417,0.6449446754538212,19,0.697349706685694,0.302650293314306,FULL,24,149.708
MSME0079,1.0,0.39673555439055536,4,-0.032976685950572196,-0.01859574993615344,0.2195468053227764,0.75,89.07770054704096,0.34112575047575083,24,0.7611837824742901,0.23881621752571,FULL,24,74.833
MSME0080,1.0,0.23468717942828896,7,0.04442105781332902,0.027238612827728725,0.08158365221782994,0.9583333333333334,346.89439994443296,0.312567149893043,24,0.836626464024659,0.16337353597534102,FULL,24,40.375
MSME0081,1.0,0.4013935862669157,1,0.12385365027649343,0.11774761446879797,0.3488929739867868,0.9166666666666666,58.62209997471302,0.369870765055544,24,0.8260152659755868,0.1739847340244131,FULL,24,241.792
MSME0082,1.0,0.18273131301131115,1,0.1615869679233394,0.14326714194757384,0.5987032237932607,1.0,18.81520373465536,0.174761677781314,23,0.8554337090571471,0.14456629094285287,FULL,24,172.083
MSME0083,1.0,0.42640846954622263,1,-0.006784474341795871,,0.22003816748721347,1.0,76.77884529069965,0.1028736633663373,11,0.8318954053419088,0.16810459465809136,LOW_CONFIDENCE,11,79.636
MSME0084,0.9904761904761905,0.20849115332146298,9,0.1692081803237299,0.07727240571464289,0.7528074958966042,0.9166666666666666,13.545620027542219,0.32087618412050234,24,0.85235809932185,0.1476419006781499,FULL,24,41.667
MSME0085,1.0,0.39121412210165435,1,0.16354788240987003,0.13432876799026147,0.41905543058415207,0.875,42.17240535481747,0.5969932195712834,23,0.8328275327389097,0.16717246726109022,FULL,24,246.667
MSME0086,1.0,0.13941396611354895,2,0.025192921835211258,0.014273320521522186,0.5910740161932465,0.875,19.77846916920754,0.10546921384416601,24,0.7506029131819179,0.24939708681808212,FULL,24,163.167
MSME0087,0.9904761904761905,0.43998166186717236,8,0.05355393701605155,-0.00044219330633322686,0.21265071019439988,0.782608695652174,90.52594445258686,0.49773197312858497,24,0.7486921868584672,0.2513078131415328,FULL,24,75.667
MSME0088,0.9904761904761905,0.20077663434715462,6,-0.09489919281341751,-0.02831709078351116,0.45062913498825724,0.75,39.5166102223379,0.532454275631491,24,0.834795633141183,0.16520436685881706,FULL,24,44.042
MSME0089,0.9809523809523809,0.403677875237893,8,-0.022349173432258666,0.03270353668174197,0.3435456721364844,0.875,53.131791127121105,0.4259629330652081,24,0.7486120859701998,0.25138791402980015,FULL,24,227.125
MSME0090,1.0,0.1918917439526877,5,0.12562724303983874,0.12095379897947865,0.5825100276519672,0.9166666666666666,18.24448633541455,0.17644264423134148,23,0.7993176227672867,0.2006823772327133,FULL,24,171.417
MSME0091,1.0,0.45919347424079204,1,0.11681417789596026,0.1143209445553402,0.20466458483435082,0.9583333333333334,86.72523068329035,0.291523127937352,24,0.8527902968948051,0.14720970310519482,FULL,24,78.125
MSME0092,1.0,0.1760955176071117,6,0.01909923668867971,0.05047230359991329,0.7880114929725883,0.875,9.484628794055665,0.30465929419690047,24,0.8516769619337682,0.14832303806623187,FULL,24,40.167
MSME0093,1.0,0.3796057976225801,7,0.04233535979646351,0.07915871362556326,0.5682739640880123,0.9166666666666666,20.19734701178682,0.4378240807815964,24,0.8554280604373835,0.14457193956261638,FULL,24,237.875
MSME0094,1.0,0.29553103137014514,5,-0.10146541621348862,-0.18851594921256182,0.9504773458135677,0.4782608695652174,0.4656279335162003,0.7223640843885688,9,0.5585577087440465,0.44144229125595336,FULL,24,128.042
MSME0095,1.0,0.6488765164754052,4,-0.16757663205308898,-0.14143198498626042,0.3273610323737461,0.4166666666666667,45.79814631440331,0.7283869274643526,21,0.5994305863033396,0.40056941369666044,FULL,24,61.292
MSME0096,1.0,0.2234005161744173,7,0.16507340994662809,0.08269596506544867,0.08962752180602357,0.9583333333333334,309.6585408568257,0.3901751493894893,24,0.7575986686998122,0.2424013313001878,FULL,24,41.625
MSME0097,1.0,0.390579561757118,1,0.1120783725718138,0.12268275298747189,0.3180997955562185,1.0,60.9653147726722,0.38204873672699813,24,0.8291645922438134,0.17083540775618655,FULL,24,233.375
MSME0098,1.0,0.19970769964727347,6,0.12366674467116154,0.10386862636270436,0.6022258223368518,0.9583333333333334,18.355441571298346,0.2142744808484998,23,0.783141119053646,0.21685888094635392,FULL,24,165.417
MSME0099,0.9904761904761905,0.5605693271851587,10,-0.33231236255854324,-0.1864067194313668,0.3582895107371223,0.3333333333333333,51.26634383669477,0.6704128459632948,20,0.58857331552102,0.41142668447898006,FULL,24,62.083
MSME0100,1.0,0.21698837822220807,8,0.008211094165542509,-0.006051516494732273,1.0971829708950125,0.4583333333333333,-4.633977343328581,0.5522329427394467,24,0.8439920535930439,0.15600794640695617,FULL,24,39.875
MSME0101,0.9285714285714286,0.2785569438466128,4,-0.04736435751537578,,0.713396264835344,0.5,8.91655405394148,0.11829098790721705,5,0.6032059148248563,0.39679408517514375,LOW_CONFIDENCE,6,194.333
MSME0102,1.0,0.1714803670771297,2,0.13503135253448983,0.1292512333940161,0.5904192685112039,1.0,18.76377760031701,0.19913707079977025,23,0.7698566261742247,0.23014337382577524,FULL,24,170.292
MSME0103,1.0,0.43479424773543474,3,0.1510984073220709,0.1307031926975333,0.29174845900317187,0.875,51.40012647302987,0.14900062139222803,24,0.841285968469547,0.15871403153045302,FULL,24,83.958
MSME0104,1.0,0.26240259259972,6,-0.03156963499672655,-0.016014697169882165,0.09907825410998145,0.5416666666666666,297.1284129820387,0.5910988296668034,24,0.7105849077426115,0.28941509225738854,FULL,24,37.792
MSME0105,0.9904761904761905,0.42724805745227457,9,-0.0706555523536836,-0.0633247844307281,0.6502248950253335,0.9166666666666666,12.741958431504267,0.549531115006118,21,0.7950619923893483,0.20493800761065162,FULL,24,235.75
MSME0106,1.0,0.040993950072504656,1,,,0.6553137549262543,0.75,16.45329034218511,0.06752537597585513,4,0.7523943486481746,0.24760565135182538,NOT_ASSESSABLE,4,165.0
MSME0107,1.0,0.47340300162661353,7,0.11837982142960313,0.08811871549642865,0.1905965288521707,0.8333333333333334,100.12101459368067,0.40836287681474914,24,0.8260167334411486,0.17398326655885143,FULL,24,78.875
MSME0108,1.0,0.16927768433773463,5,0.10950100862704625,0.09275140751451955,0.02714896069022128,0.9583333333333334,1096.8838559009127,0.38205909316814163,24,0.7587233264439429,0.24127667355605703,FULL,24,41.833
MSME0109,1.0,0.4012247343930239,4,0.1823700086801689,0.13369084327556793,0.5854125878413436,0.9583333333333334,18.514798983321256,0.6150903352744195,23,0.7831819804478616,0.21681801955213836,FULL,24,242.958
MSME0110,1.0,0.1822111319306078,3,0.10262547205647872,0.10746304264804851,0.5874028476313489,1.0,19.513958708845923,0.2008006908382328,23,0.8295635637237332,0.17043643627626684,FULL,24,170.417
MSME0111,1.0,0.43982661599628164,2,-0.12528170259453864,-0.16278262095801,0.26661152947235967,0.75,74.91497684622152,0.585222801014571,23,0.6468159702725446,0.35318402972745544,FULL,24,76.375
MSME0112,1.0,0.16491912926545077,7,-0.1518870657936392,-0.07256093806831365,0.13862029568849296,0.8333333333333334,187.99789610610276,0.382150621046368,24,0.3176776216691049,0.682322378330895,FULL,24,39.583
MSME0113,1.0,0.39525492383081096,2,0.11748115059335461,0.09171727051545346,0.3486873800971982,0.9166666666666666,53.102888784958814,0.36790467565421964,24,0.8351933483487728,0.16480665165122715,FULL,24,238.917
MSME0114,1.0,0.0568927996646733,2,-0.00015519512815139795,,0.5601564296448137,1.0,20.267069505036137,0.10736020826213995,9,0.7727552273916437,0.2272447726083562,LOW_CONFIDENCE,9,160.333
MSME0115,1.0,0.4325567871910621,1,0.10514644323910019,0.1147139896737115,0.19937031159313554,0.875,95.3361923566464,0.2068386879914048,24,0.823247498863045,0.17675250113695487,FULL,24,78.708
MSME0116,0.9904761904761905,0.27033318647718085,7,-0.13939260761600977,-0.1689399100070565,0.3265651489992263,0.5416666666666666,63.717852731269666,0.6640694934980138,24,0.7407477414089131,0.2592522585910868,FULL,24,39.5
MSME0117,1.0,0.3756042630027165,2,0.03504182445519807,0.05243851604835325,0.3599190798199341,0.8333333333333334,52.91167169486145,0.3996988834538092,24,0.7457726986687696,0.2542273013312304,FULL,24,232.458
MSME0118,1.0,0.23804772686942383,3,-0.054036172045058915,0.037744894873426686,0.6782642002514211,0.5416666666666666,13.764415181783926,0.6073925364643344,19,0.5995621817881237,0.40043781821187624,FULL,24,148.542
MSME0119,1.0,0.40454644069331513,1,0.051560353742274696,0.09055247959817779,0.21289384023499205,1.0,88.60774162249164,0.2751406053624613,24,0.8493499767051889,0.1506500232948112,FULL,24,77.333
MSME0120,1.0,0.19742165672043005,6,0.06331621465135347,0.1373141328129579,0.0394498837828947,0.9583333333333334,737.9120041693471,0.37213366809163195,24,0.8527132184634751,0.1472867815365248,FULL,24,40.708
MSME0121,1.0,0.43303867747573405,5,-0.13416241662858466,-0.06462043850411488,0.3914958597190802,0.5217391304347826,45.43783797705828,0.5735555083035434,23,0.6413329944283381,0.3586670055716619,FULL,24,216.0
MSME0122,1.0,0.20595225236518142,2,,,0.7728841980345288,1.0,12.640470209714646,0.33737158494191055,3,0.7837780946360489,0.21622190536395106,NOT_ASSESSABLE,4,173.75
MSME0123,1.0,0.44852572021829223,2,0.134958487266598,0.1406256908626378,0.19141358549228069,0.9583333333333334,99.27851821782318,0.1848281973699221,24,0.8629057032354471,0.13709429676455287,FULL,24,79.5
MSME0124,1.0,0.3002024383494874,7,-0.06352731958713624,-0.19079176440876588,0.8037733833850694,0.625,10.261413743264853,0.6746008792626038,24,0.7939418861609764,0.20605811383902362,FULL,24,42.625
MSME0125,1.0,0.3842191725295573,2,0.030610648740250386,0.023286760900645402,0.3490828602827179,0.7083333333333334,54.13091927180268,0.368887558017667,24,0.7350141803303042,0.2649858196696959,FULL,24,236.917
MSME0126,1.0,0.19778806018794795,4,0.0372501612570008,0.009527721097709595,0.6269221958803209,0.8333333333333334,16.44117354512694,0.31177169112711234,21,0.8077765161869004,0.19222348381309967,FULL,24,166.208
MSME0127,1.0,0.4415148246204696,1,0.08800561793815749,0.10035734574892924,0.20602213505994926,0.9583333333333334,84.00432829753028,0.20385404361938525,24,0.8416054847358017,0.1583945152641983,FULL,24,78.167
MSME0128,1.0,0.20864696467526073,8,0.19821885714360474,0.11691553208661956,0.132822490795809,0.4583333333333333,202.44102119257764,0.5363522334715466,24,0.6791066903376306,0.32089330966236945,FULL,24,37.458
MSME0129,1.0,0.360116032190965,3,0.15532506375474067,0.13245377262614458,0.44351232123474943,0.9166666666666666,42.272064696861506,0.6404945141307589,23,0.7506280877768025,0.24937191222319754,FULL,24,232.458
MSME0130,1.0,0.17997583388661836,6,0.12873892054312613,0.1445927406127272,0.582354717579108,0.9565217391304348,18.662006493335685,0.252996259828496,24,0.848183936371439,0.15181606362856112,FULL,24,166.542
MSME0131,1.0,0.4396021066669587,1,0.054988496948526464,0.05045177298645143,0.20866222145891478,0.75,93.00145966445929,0.19415634935919956,24,0.778892545561819,0.22110745443818103,FULL,24,79.833
MSME0132,0.9619047619047619,0.35787765420671164,13,-0.2817090901622892,-0.24043035953538341,0.21709177341468747,0.3333333333333333,126.69828700545567,0.8233932121664987,23,0.5990747714292792,0.40092522857072066,FULL,24,31.0
MSME0133,1.0,0.568830596459185,6,-0.2835173569119699,-0.33548821258647393,0.5129465967154863,0.4166666666666667,26.204566171187363,0.7462714008341326,19,0.5678390173308806,0.4321609826691194,FULL,24,192.417
MSME0134,1.0,0.18824915612002094,7,-0.007082254476109411,0.02035420747765881,0.6839657689307643,0.7916666666666666,12.605374243548015,0.3258671224781826,22,0.6837562262200573,0.3162437737799428,FULL,24,163.75
MSME0135,1.0,0.4276163259569387,7,0.25097472161797435,0.18140348479517876,0.2308183208877976,0.9166666666666666,83.60587853108146,0.5065383579060966,24,0.2806541603613781,0.719345839638622,FULL,24,76.333
MSME0136,0.9809523809523809,0.21706497579795453,10,-0.0009734595192197171,0.11831108683624793,0.04372436371439087,0.9565217391304348,628.6506373218027,0.48898891939033295,24,0.8353967030137001,0.16460329698629997,FULL,24,39.708
MSME0137,1.0,0.39043721758564404,3,0.10087985299163095,0.01824774417942412,0.36323369233676195,0.8333333333333334,56.39905723527301,0.6282371344265917,22,0.7489107296439282,0.25108927035607165,FULL,24,226.083
MSME0138,1.0,0.19441767934801243,2,-0.15338773961833183,-0.12067277033626457,0.7029812322428359,0.7083333333333334,12.831076984097221,0.4791878894143591,21,0.6097078203851418,0.3902921796148582,FULL,24,153.375
MSME0139,1.0,0.4582374174864274,4,0.0438823271741792,0.048182830384129925,0.2361808500580596,0.75,74.04485465410272,0.3264192571288808,24,0.7651873976473071,0.23481260235269283,FULL,24,77.917
MSME0140,1.0,0.2675538843432934,6,-0.15853878657967793,-0.0466844143959982,0.22579493282543514,0.9166666666666666,106.68356568613494,0.43289830442155863,24,0.7666803341198003,0.23331966588019953,FULL,24,44.083
MSME0141,1.0,0.3925312416183309,9,0.09143948895970906,0.018777341483439104,0.40150220888983956,0.9166666666666666,41.01920685514137,0.286913500823091,24,0.7505284524772611,0.24947154752273892,FULL,24,227.375
MSME0142,1.0,0.18830700660716954,1,0.11060449099011477,0.12451874885787154,0.5736453649350464,1.0,20.482712025203462,0.24833687559435136,23,0.8267266492244453,0.17327335077555472,FULL,24,171.875
MSME0143,1.0,0.4236809448020938,4,0.09067670089293603,0.10689000374865892,0.19558907063298026,1.0,93.88828440595881,0.2176889567610588,24,0.8578002214863412,0.14219977851365884,FULL,24,77.583
MSME0144,0.9904761904761905,0.2957445576196603,9,0.10505671864452139,-0.0038809073139649077,0.10174055970166633,0.25,285.1550895673065,0.6407122858571132,24,0.6435171006332252,0.35648289936677485,FULL,24,32.125
MSME0145,1.0,0.4182989335677271,8,0.010052730983727562,0.031985330332440304,0.4585131534050616,0.8333333333333334,36.017886377566235,0.6184857945814605,22,0.7479371354706671,0.2520628645293329,FULL,24,231.0
MSME0146,1.0,0.18298225024726528,1,0.07971417765785477,0.08239425561843682,0.6076717577944432,1.0,16.061186653897952,0.1523066579085978,24,0.8270616823538327,0.17293831764616735,FULL,24,166.958
MSME0147,1.0,0.43991625850490085,6,0.014885512850269574,0.031978619886256034,0.46818141082940856,0.875,26.255244226801732,0.3254270479389502,24,0.8001106937993674,0.19988930620063267,FULL,24,78.042
MSME0148,1.0,0.17763887514253998,6,0.022003037470284554,0.09888693608306308,0.13174464304274908,0.9166666666666666,202.84548534524004,0.4660248827547323,24,0.7759819877550386,0.22401801224496143,FULL,24,40.833
MSME0149,1.0,0.4609256887801,6,-0.01932538839509096,-0.10340965992049916,0.3804998128839728,0.5416666666666666,45.692111207171585,0.6554645844048582,22,0.6406873194869144,0.3593126805130857,FULL,24,210.833
MSME0150,1.0,0.1678323338700478,8,0.22598200500369064,0.1288376134042532,0.6284339083166627,0.9583333333333334,16.53885261581356,0.26802945495651026,21,0.7300478830497322,0.2699521169502679,FULL,24,164.125
MSME0151,1.0,0.45970245218650235,4,0.061345499788879716,0.02101644421123007,0.2682736118700349,0.625,67.24465102343629,0.567376591288272,23,0.6557826300315288,0.3442173699684712,FULL,24,72.333
MSME0152,0.9904761904761905,0.22629509788411867,8,0.2025923985370273,0.22878074673448814,0.0648983886720727,0.9583333333333334,417.1866734314456,0.3638511555007695,24,0.821671262558119,0.17832873744188105,FULL,24,40.0
MSME0153,1.0,0.363911199540583,4,0.12277957351867212,0.13545268868914162,0.3238877296952809,0.9565217391304348,61.838302505612994,0.3996021469772634,24,0.8289127551992721,0.171087244800728,FULL,24,243.417
MSME0154,1.0,0.14512615058137557,6,0.15190964004155566,0.1471965506104492,0.5735604884902176,0.9583333333333334,20.730838651279683,0.17434264321783394,24,0.8153064914859264,0.18469350851407354,FULL,24,165.583
MSME0155,1.0,0.42217275578362423,6,-0.012735641627474857,0.00032641754087420205,0.36298046000585427,0.782608695652174,41.90720590476608,0.29173762130566455,24,0.8095324716690638,0.19046752833093625,FULL,24,76.292
MSME0156,1.0,0.1784889605650355,6,-0.0017344068648392664,0.02375711073362193,0.06577547819773451,0.7083333333333334,459.9610237490547,0.3153729362425014,24,0.7773652607197354,0.22263473928026462,FULL,24,40.042
MSME0157,1.0,0.4093733073739714,5,0.16931460708326135,0.13760362535169432,0.3196470379392618,0.9166666666666666,62.55357092899638,0.41584335416274176,24,0.8272060346774983,0.1727939653225016,FULL,24,234.792
MSME0158,1.0,0.2430954267037289,3,-0.10722703563572376,-0.07151829531648124,0.7050593610575305,0.5416666666666666,12.627790947556543,0.6645606960189353,18,0.5934226847419846,0.4065773152580155,FULL,24,154.167
MSME0159,1.0,0.45002517935192055,2,0.057525543619625086,0.02547984499184076,0.37063335751797655,0.625,40.36963023419369,0.399524026246056,24,0.7430646532402633,0.2569353467597367,FULL,24,79.25
MSME0160,1.0,0.21273144489033693,7,0.1007409027785773,0.1256965258783795,0.06621467809189001,1.0,426.02631739267014,0.29274209986940314,24,0.8556719510354651,0.14432804896453488,FULL,24,40.417
MSME0161,1.0,0.3662929273384462,5,0.018020549107095492,0.02948115750247707,0.36879965354338856,0.875,50.23162158383999,0.4467215691401764,24,0.7331161222022444,0.2668838777977555,FULL,24,231.542
MSME0162,1.0,0.1900622848970478,3,-0.03440075376730996,-0.06090633169965574,0.6745166373610517,0.9166666666666666,13.142541287122135,0.16482886436904398,19,0.5974154052673859,0.40258459473261415,FULL,24,149.792
MSME0163,1.0,0.4693025896154618,8,0.08409523777849474,0.08674224500261776,0.21766232085433906,0.8695652173913043,80.6259130547278,0.5384910397595042,23,0.7632470386891623,0.2367529613108377,FULL,24,74.958
MSME0164,1.0,0.17434640132617857,6,0.07989455332496535,0.06828257115116845,0.07941360639063066,0.9166666666666666,341.34060276645994,0.18742930585610407,24,0.7825730030375693,0.2174269969624307,FULL,24,38.875
MSME0165,1.0,0.3827582471254808,1,0.16211399787242983,0.13850822361256002,0.3294095287042993,0.9583333333333334,56.84908465407513,0.36921969943234756,24,0.8323143712571909,0.16768562874280915,FULL,24,236.875
MSME0166,1.0,0.3066469523318437,4,-0.2532398783303535,-0.18945009424827033,0.8797301249562781,0.20833333333333334,4.586438318050043,0.694667120843307,11,0.5763403704851702,0.4236596295148299,FULL,24,134.958
MSME0167,1.0,0.3846720500843003,7,-0.021750386625107546,-0.032863682257666026,0.23760880438525633,0.5833333333333334,85.7867022802849,0.46616229286469263,24,0.25128646199467397,0.7487135380053259,FULL,24,69.458
MSME0168,1.0,0.2642901136662543,8,0.1018455473293852,-0.0021167167237870006,0.8175227139999578,0.625,6.19893183570091,0.546306519410144,24,0.772572373052229,0.2274276269477708,FULL,24,39.208
MSME0169,1.0,0.3957633728044794,8,0.010790101921377247,-0.0313646950018552,0.34988763087669517,0.6521739130434783,52.55881569193346,0.6544233678730965,22,0.7382109458315859,0.26178905416841414,FULL,24,230.917
MSME0170,1.0,0.19029921505009595,6,-0.08117715749444372,-0.11104047783774193,0.6524297415250698,0.5833333333333334,15.441119468782881,0.36551282869083174,20,0.6267912453867944,0.3732087546132055,FULL,24,149.375
MSME0171,1.0,0.4555572362965532,1,0.02878670272199501,0.019658989788505193,0.21354375381765311,0.9583333333333334,89.56899913097745,0.24231443928850752,24,0.780162343399168,0.21983765660083196,FULL,24,76.792
MSME0172,1.0,0.22583135330899878,6,-0.0379960611660763,0.08291588393921652,1.0412575765131493,0.5416666666666666,0.3063653502883572,0.45892444689571454,24,0.8009207417683462,0.19907925823165384,FULL,24,42.958
MSME0173,1.0,0.35763831523603434,4,-0.02303528301743073,-0.015681306377024095,0.37362939317695926,0.7916666666666666,50.871744746269904,0.325223099627235,24,0.7328269425560608,0.26717305744393927,FULL,24,240.167
MSME0174,1.0,0.1807729653821046,5,0.14186880708990654,0.17024417000143643,0.5877737626866133,0.9166666666666666,20.45311375168685,0.2787890354054583,23,0.8234447598638778,0.1765552401361223,FULL,24,166.833
MSME0175,1.0,0.46216602571201887,7,0.12883467089502965,0.11390845350723199,0.22695095892539285,0.9583333333333334,73.8264336500477,0.24640566761007818,24,0.8465787424572344,0.15342125754276564,FULL,24,77.5
MSME0176,1.0,0.19395589760160664,7,0.042704031771393466,0.0005776433754710212,0.07217286353527605,0.8333333333333334,399.76364062126123,0.4021397625952183,24,0.7708879514702448,0.22911204852975517,FULL,24,40.5
MSME0177,1.0,0.45629935330724103,5,-0.21083736789470583,-0.031347984643302775,1.1205171957528814,0.25,-2.644199198626406,0.7287094797489724,17,0.6926182457662958,0.3073817542337041,FULL,24,196.042
MSME0178,1.0,0.16953134544668944,7,0.22356175954840496,0.18297199007918777,0.6296644789598198,0.9565217391304348,15.25620010205248,0.19596735808922008,24,0.8202622818412404,0.1797377181587596,FULL,24,173.75
MSME0179,1.0,0.4530305014054679,2,0.11813555792331079,0.11632365960638438,0.3347060092411926,0.875,41.68562277459693,0.15041449025781467,24,0.8579632675948131,0.14203673240518686,FULL,24,82.208
MSME0180,0.9904761904761905,0.24523359961275493,14,0.2700290811417956,0.20067846575097684,0.4070156477201107,0.9583333333333334,38.85868257392384,0.5259395676949012,24,0.8952328577343062,0.10476714226569385,FULL,24,44.583
MSME0181,1.0,0.3986542215172525,4,0.16321727902323355,0.16030214865996928,0.33885933803097235,0.9166666666666666,57.32812132623949,0.43607432626653275,24,0.8388760524221446,0.1611239475778554,FULL,24,237.75
MSME0182,1.0,0.16533310746306998,5,0.037781297965328704,0.0305605829586559,0.595293825244894,0.8333333333333334,19.481080338283814,0.20125157459642867,24,0.7215430245408212,0.27845697545917886,FULL,24,165.792
MSME0183,1.0,0.4373119268241781,8,0.052136979915466286,0.04094338062660114,0.22146392236598708,0.875,82.1819780425225,0.20377650470296407,24,0.768422927763371,0.23157707223662913,FULL,24,77.583
MSME0184,1.0,0.1650996173021471,7,0.05648311058028397,0.060925934221467734,0.0670521453841149,0.9166666666666666,432.2948278464169,0.3246540381362132,24,0.8355535432273992,0.16444645677260086,FULL,24,40.167
MSME0185,1.0,0.37947061407497007,1,0.1489786942398411,0.13724151238158577,0.5615916315888823,0.9583333333333334,22.34202462756236,0.3856791757237162,24,0.3799867565493835,0.6200132434506166,FULL,24,240.583
MSME0186,1.0,0.1490962376969436,2,0.05315590155779121,0.014920847039651155,0.6123458136230624,0.8333333333333334,17.676897068616213,0.15878056242600017,24,0.6558622166224842,0.34413778337751577,FULL,24,163.5
MSME0187,1.0,0.42838934200493284,1,0.12239478852674653,0.121898230307031,0.19555160312928943,1.0,94.29039759576195,0.15167312478144082,24,0.8389702475229448,0.16102975247705514,FULL,24,79.167
MSME0188,0.9809523809523809,0.36859990383957814,12,0.28375110304428836,0.0655677675243137,0.17809247048540727,0.375,134.90630129914132,0.7368020497108723,24,0.6569452801210777,0.34305471987892233,FULL,24,29.125
MSME0189,1.0,0.34916635508923644,2,0.28110537268193553,0.1635169925833171,0.5755642927404708,0.875,24.354282995805676,0.5128589835752084,23,0.3602326844969113,0.6397673155030886,FULL,24,235.25
MSME0190,1.0,0.19245092210190393,2,0.10697538104402878,0.09792453763657413,0.5771431519403554,0.9583333333333334,18.937880094705683,0.13005466407522837,24,0.7939006801676801,0.20609931983231997,FULL,24,170.083
MSME0191,1.0,0.44374327427322907,2,0.05103834876404561,0.07305253981531842,0.21893702410848856,0.875,82.3320512741784,0.19656311732944032,24,0.7398312348905787,0.2601687651094213,FULL,24,75.708
MSME0192,0.9904761904761905,0.15046481355270633,8,0.018020404812629866,-0.019944121161491978,0.23149926176182617,1.0,100.98679990959403,0.24343166951476064,24,0.8449789287645392,0.15502107123546086,FULL,24,46.0
MSME0193,1.0,0.38614810706303415,1,0.10905130499716191,0.08012924609248137,0.5486603335242417,1.0,22.78785833812359,0.3669011906016543,24,0.8556717177807976,0.1443282822192023,FULL,24,244.292
MSME0194,1.0,0.21587489415784902,2,-0.09773175003087141,-0.06956474348964876,0.636469334503193,0.9166666666666666,16.874680749004607,0.40733460397547117,22,0.708677531218954,0.29132246878104606,FULL,24,162.667
MSME0195,1.0,0.38970503279677504,3,0.0453298199656107,-0.00043845913407849227,0.25896512518107884,0.5833333333333334,76.36412303271597,0.5076481412278306,23,0.6729859082343584,0.3270140917656416,FULL,24,71.958
MSME0196,1.0,0.1930342231256735,7,-0.11820840496666013,-0.0473824390392295,0.0786709175488577,0.7916666666666666,365.0488385457888,0.476208986353092,24,0.7778710633449666,0.22212893665503342,FULL,24,38.083
MSME0197,1.0,0.3539103235208302,8,0.048557902704893734,0.013479195419456889,0.36196356191339,0.75,51.476421099282916,0.37395416553799543,24,0.7497497582425533,0.25025024175744676,FULL,24,231.542
MSME0198,1.0,0.19927888942161712,5,0.06902774762885576,0.06771493918150087,0.7039722245798831,0.75,12.071146713501358,0.47717636670598423,23,0.7582545522402092,0.2417454477597908,FULL,24,172.125
MSME0199,1.0,0.4390981080568117,1,0.1340816885634858,0.12031252317047139,0.194009009471623,0.9583333333333334,98.14647130011807,0.2155885235630133,24,0.848437110968712,0.151562889031288,FULL,24,78.208
MSME0200,1.0,0.2440880442744755,6,0.3363879556058024,0.28973480128116214,0.05152977855882946,1.0,532.4019964456381,0.4107859169049132,24,0.8460325220140428,0.15396747798595722,FULL,24,40.583
MSME0201,1.0,0.37981009700815166,8,0.17723109583805546,0.14692789769417502,0.6168905632302808,0.8695652173913043,18.00191582675078,0.6623543847817185,23,0.786432053695607,0.2135679463043931,FULL,24,233.75
MSME0202,1.0,0.35770716619070786,7,-0.07909915446084932,-0.16775240067136787,0.9194469626577445,0.20833333333333334,2.378101248530375,0.7121392126230573,11,0.6200911630493894,0.3799088369506105,FULL,24,129.167
MSME0203,1.0,0.46404579155082526,7,0.14399268120059588,0.12266803812163919,0.19249200366921831,1.0,90.14311152843662,0.21228522214135692,24,0.8522395141814013,0.14776048581859869,FULL,24,77.75
MSME0204,1.0,0.24917976470897193,6,-0.06324654936434074,-0.05222488332035233,0.6787766683218045,0.375,14.909720931956453,0.5678889056450827,24,0.7937427301686544,0.2062572698313456,FULL,24,41.458
MSME0205,1.0,0.4396330815804527,4,-0.1390299144688037,-0.1366267587940975,0.4586094929431135,0.7916666666666666,32.500371657295574,0.7278918865815371,22,0.6411704461386448,0.35882955386135523,FULL,24,217.833
MSME0206,1.0,0.13891049750848117,3,0.03611590240810451,0.019110707994644614,0.6373305773981153,0.9565217391304348,15.747074897868739,0.09138619625787456,24,0.7663302465513429,0.23366975344865723,FULL,24,168.208
MSME0207,1.0,0.5081810188059374,4,-0.11977241466348647,-0.23964757699069955,0.7230474609575034,0.3333333333333333,7.913837279122203,0.7407972458117608,21,0.6962875853299958,0.3037124146700042,FULL,24,64.542
MSME0208,1.0,0.24040507480164783,6,0.11997187523252713,0.011579119581629632,0.09296567087383233,0.9166666666666666,308.107291623706,0.3934260546998035,24,0.7693682384906588,0.23063176150934125,FULL,24,36.875
MSME0209,1.0,0.3935512157210585,7,0.11185446199823598,0.10524172883968656,0.3328049021247636,0.875,57.288595304795486,0.4767460048990746,24,0.8360253150781228,0.16397468492187722,FULL,24,237.917
MSME0210,1.0,0.18508616343288958,5,0.1283809259148517,0.1520708023768092,0.6321049306791942,0.9166666666666666,15.913026747096593,0.3145376995508433,23,0.31347389976773027,0.6865261002322697,FULL,24,171.208
MSME0211,1.0,0.44640753655804877,6,-0.002610340642126234,0.036987707776437416,0.2885424264412639,0.875,59.35283490622134,0.31487718297261696,24,0.7719202628690772,0.22807973713092286,FULL,24,80.917
MSME0212,1.0,0.1785962316093415,9,0.10568701416667443,0.06206122848112598,0.0742428456307013,0.8333333333333334,390.2383096063312,0.40409477313686365,24,0.7682772993607077,0.23172270063929232,FULL,24,37.708
MSME0213,1.0,0.39659419878049584,8,0.10188202263018745,0.08532836798321415,0.31893734824608366,0.9583333333333334,59.96787332173735,0.3732025822957317,24,0.8326656513289645,0.16733434867103547,FULL,24,238.125
MSME0214,1.0,0.18435460593583386,1,0.13280234711193695,0.12254272728674136,0.5726349331937192,0.9166666666666666,19.325952565254877,0.1417534261490765,24,0.7948887638846464,0.20511123611535362,FULL,24,172.625
MSME0215,1.0,0.4193582976082683,2,-0.2294774370630121,-0.18181673220654498,0.24821418078401858,0.5,70.46155231465988,0.443369766862706,24,0.6641434673320492,0.33585653266795074,FULL,24,72.375
MSME0216,1.0,0.19456999512264198,6,0.09365979979211057,0.1016457858127595,0.11721808305580557,0.9166666666666666,231.14444796938812,0.2635853883737932,24,0.824679938310153,0.17532006168984715,FULL,24,42.333
MSME0217,1.0,0.46173894116682945,6,-0.377178380821949,-0.33063003227731347,0.5021836696850879,0.43478260869565216,28.43749704059437,0.6035952939582331,18,0.5889018306667287,0.4110981693332712,FULL,24,185.833
MSME0218,1.0,0.17141651798973995,4,0.17561466124621058,0.15589122321243276,0.5728183591955553,0.875,20.17772161258016,0.17992435079620916,23,0.806169703423801,0.19383029657619907,FULL,24,170.5
MSME0219,1.0,0.4370364644531637,2,-0.014753606913921065,-0.009962986287784057,0.2268054740918593,1.0,78.55070152367217,0.1531764700743253,24,0.7408620150685571,0.25913798493144286,FULL,24,76.833
MSME0220,0.9904761904761905,0.24724533933077739,6,-0.05475076526530514,0.055769345006145936,0.06895825878863475,0.7916666666666666,388.4121893015993,0.3214486084764441,24,0.7574724365305832,0.24252756346941692,FULL,24,39.833
MSME0221,1.0,0.40063590182670505,7,0.027336593661718867,0.0544503288038092,0.3447605498130134,0.9166666666666666,55.66351798899164,0.5358912182162813,23,0.7531786261858677,0.2468213738141323,FULL,24,233.542
MSME0222,1.0,0.2497780802924481,3,-0.1761577312387757,-0.14122479435073024,0.688658742034069,0.625,14.070401844837146,0.5471046999420919,18,0.6549249873974612,0.3450750126025388,FULL,24,152.25
MSME0223,1.0,0.3731671900872162,7,0.07459897926179815,0.026116162852841227,0.368574290321365,0.4583333333333333,50.040697736922155,0.6704047358129513,22,0.6009688315578957,0.3990311684421043,FULL,24,62.458
MSME0224,1.0,0.24034485820305349,7,0.27634377158241735,0.18915123711177328,0.4748993148671515,0.9166666666666666,35.55464675358196,0.655538007488245,24,0.8934279758492156,0.10657202415078433,FULL,24,43.25
MSME0225,1.0,0.3657223273079102,3,0.10206826085039719,0.057929229106119404,0.34896964360477006,0.625,53.65563222691817,0.4874611575241118,23,0.7395064672144491,0.2604935327855508,FULL,24,231.792
MSME0226,1.0,0.20089169919623026,2,-0.1572620529351145,-0.16525021664657552,0.7070220541840255,0.6666666666666666,12.342924803966245,0.5362899401949187,19,0.7043021479715954,0.29569785202840454,FULL,24,151.667
MSME0227,1.0,0.4579857525686997,1,0.12406889031032625,0.12347007507195418,0.18270587427114193,0.9583333333333334,98.0860321185091,0.16123734831566347,24,0.8699522243008785,0.13004777569912143,FULL,24,78.25
MSME0228,1.0,0.28817529005081993,6,-0.09966608525390608,-0.07782846838019722,0.09871789999520385,0.6666666666666666,290.5199531647921,0.6031208621363983,24,0.6732517916706715,0.32674820832932844,FULL,24,35.917
MSME0229,1.0,0.4504970351500732,4,-0.13935231711830132,,0.6616550491913468,0.6363636363636364,12.009620047781357,0.6508318500578721,10,0.6953281234616138,0.3046718765383863,LOW_CONFIDENCE,11,216.364
MSME0230,1.0,0.18392210052400612,2,0.140627727623616,0.09828231962310625,0.6621551375105545,0.9583333333333334,13.402837234715427,0.2119169516891198,22,0.8420249747656668,0.15797502523433307,FULL,24,172.083
MSME0231,0.9904761904761905,0.44766080541210374,8,0.030745354767584273,0.03715259756032324,0.21456301361898883,1.0,89.3568457374864,0.3367925619031438,24,0.7467009046959576,0.25329909530404243,FULL,24,78.167
MSME0232,1.0,0.2519927772544547,8,-0.028390612207042493,-0.05528442512750503,0.7165814215300765,0.7916666666666666,9.979242924432812,0.39174307933616914,24,0.8553216482036319,0.14467835179636804,FULL,24,43.417
MSME0233,0.9904761904761905,0.39079752740307394,9,0.39106122798430776,0.20890135822785433,0.43779895133142516,0.5217391304347826,35.48902006791147,0.6051047085629101,23,0.6412814901203907,0.35871850987960924,FULL,24,209.625
MSME0234,1.0,0.3270682419225821,5,-0.20262051855037375,-0.21676001878427031,0.8391519189257948,0.25,9.61516051966022,0.7487493410441195,15,0.5554194508115539,0.44458054918844625,FULL,24,137.167
MSME0235,1.0,0.4959399015428821,7,0.07383475979986466,0.07596271003166782,0.26003497394718406,0.7083333333333334,72.44727339007541,0.5247092418603739,23,0.7889082524497972,0.21109174755020269,FULL,24,74.792
MSME0236,0.9904761904761905,0.19011556841904764,8,-0.0492989077621455,0.016126539726936368,0.2560879488713462,0.75,86.87883248001992,0.3937755132494257,24,0.7977247324798304,0.20227526752016958,FULL,24,42.708
MSME0237,1.0,0.5050988578839151,4,-0.3966107845237472,-0.22169187048968766,0.5279219559341077,0.16666666666666666,25.84230984874854,0.6966182575967921,18,0.5884449899114682,0.4115550100885318,FULL,24,191.375
MSME0238,1.0,0.18149247337041632,1,0.14862859054334862,0.15273546808548918,0.5917521072887595,1.0,19.562662472193043,0.2900705364469097,24,0.7956489744372587,0.20435102556274135,FULL,24,169.833
MSME0239,1.0,0.48257768297079484,7,-0.13289342370537466,-0.16268440789347646,0.3560237807903176,0.6521739130434783,42.08049990770418,0.5582982533084275,23,0.6859472647468816,0.3140527352531184,FULL,24,73.667
MSME0240,1.0,0.360854734559432,9,-0.13284460581164798,-0.2989891703488005,0.13285984300513398,0.34782608695652173,224.87587263231353,0.7209098564716602,24,0.6456239878827827,0.35437601211721725,FULL,24,32.5
MSME0241,1.0,0.3545630639711327,7,-0.0736145305107988,-0.04300576107967481,0.5531382580840486,0.8333333333333334,23.776021442662298,0.5080996805229447,23,0.7706930254868883,0.2293069745131116,FULL,24,233.542
MSME0242,1.0,0.18555271014495342,1,0.14674272643668337,0.13559404088887786,0.6191417946369152,0.9583333333333334,17.014264933800312,0.1689857845401506,24,0.8492633908273469,0.15073660917265308,FULL,24,173.375
MSME0243,1.0,0.4207215922968041,2,0.03236993235561216,0.03187556809755392,0.21489510550588095,0.875,87.80073711294234,0.2428952247837419,24,0.7690065616182503,0.2309934383817497,FULL,24,76.625
MSME0244,0.9714285714285714,0.35744417077823476,10,-0.2910238205859353,-0.2780552366377898,0.1441600094899991,0.25,170.73695355263268,0.7614597602760209,24,0.5890748429041377,0.41092515709586225,FULL,24,32.042
MSME0245,1.0,0.41903350266828937,7,0.12015359232491113,0.1005528897583562,0.707414847300433,0.5833333333333334,12.96195416598694,0.48019548463725087,21,0.6949737915111185,0.30502620848888157,FULL,24,216.542
MSME0246,1.0,0.1780387230641069,1,-0.08523839776872359,,0.5970596036872927,0.8888888888888888,19.047563307624564,0.46625163767334676,7,0.7591265285817514,0.24087347141824858,LOW_CONFIDENCE,9,162.0
MSME0247,1.0,0.42459437886921075,1,0.19119803740271707,0.17342404979882972,0.21518371903554226,1.0,84.83458936625706,0.22724102837954194,24,0.8423686932879023,0.15763130671209774,FULL,24,79.875
MSME0248,0.9904761904761905,0.20896536638321367,10,0.05039467804949884,0.0041572224646084345,0.06697294269648534,0.782608695652174,442.9622998461805,0.3873257856789805,24,0.7716873403381728,0.22831265966182712,FULL,24,39.083
MSME0249,1.0,0.533955493996715,5,-0.27049340960803475,-0.24958854995157997,0.4812576424562543,0.3333333333333333,34.454796949606234,0.7558970519889069,18,0.5879748328296752,0.4120251671703248,FULL,24,186.375
MSME0250,1.0,0.18256668848888094,1,0.1557229180529281,0.15381586059546914,0.5522012272757105,0.9583333333333334,21.692118856804985,0.1703010418475514,24,0.8031756704876114,0.19682432951238862,FULL,24,171.917
MSME0251,1.0,0.46401351064668767,5,0.17050987873130313,0.13804794286595934,0.19948451422911717,1.0,88.13601303535773,0.16866527966112546,24,0.8232574763870049,0.1767425236129951,FULL,24,80.292
MSME0252,1.0,0.3033946716877598,7,-0.26899803141312884,-0.19354436312751538,0.5139790433205498,0.25,33.398488662322414,0.5673203462717622,24,0.7062418711044413,0.29375812889555886,FULL,24,36.667
MSME0253,1.0,0.39173393516820315,3,0.07775729822416752,-0.06583429744529251,0.3897922754422947,0.6666666666666666,46.296052844463006,0.5160906648052075,23,0.6574327278331759,0.34256727216682414,FULL,24,220.125
MSME0254,1.0,0.29484430963353403,2,-0.0082220529822765,0.02667329400717417,0.7873554593950439,0.7083333333333334,13.468411212786753,0.6735637506045972,16,0.6321360851860778,0.3678639148139223,FULL,24,152.917
MSME0255,1.0,0.49713876169539173,7,0.14030885389353268,0.17390971206496042,0.1990527094366593,1.0,98.43223277353955,0.48411608348339213,24,0.8792447746818747,0.1207552253181254,FULL,24,77.792
MSME0256,1.0,0.17485611374584034,6,0.15751028549739585,0.12086203703989283,0.06441892464395711,0.9583333333333334,421.3271946961178,0.23788712040777188,24,0.7577756012355888,0.24222439876441115,FULL,24,40.0
MSME0257,1.0,0.43835340620252844,2,0.002101379063286117,0.045980249616147884,0.37682713068032325,0.8333333333333334,45.42820774727216,0.6741323286755545,23,0.7482679682957696,0.2517320317042304,FULL,24,233.167
MSME0258,1.0,0.18495188749615726,1,0.1612430140576296,0.1332596467522462,0.6222880674032722,1.0,16.674686321958056,0.2072023823020187,23,0.8576377450057923,0.14236225499420777,FULL,24,171.417
MSME0259,1.0,0.4066433254670181,5,0.08603199922482545,0.08166186264813055,0.21089243045863162,0.875,89.43221693338022,0.1888112434213022,24,0.7452037199172685,0.2547962800827315,FULL,24,77.167
MSME0260,1.0,0.18067684720758462,8,0.017819172700951798,0.08857622606281922,0.04227981041006136,1.0,686.6416603086642,0.30215613154198595,24,0.31686407995015103,0.6831359200498489,FULL,24,39.875
MSME0261,1.0,0.4823779399414389,5,0.04440235577444754,0.0002798931234647093,0.49909676301460615,0.2608695652173913,25.829647832681484,0.6462098156324937,20,0.5708172463656268,0.4291827536343733,FULL,24,192.5
MSME0262,1.0,0.27987511685703975,3,-0.10709749476382939,-0.12228625401940338,0.7191369937445208,0.7916666666666666,12.901689688224707,0.6910637395768101,17,0.6424653982996382,0.35753460170036183,FULL,24,150.833
MSME0263,1.0,0.45482474704402215,2,0.1150287423778849,0.11402623767660361,0.2045380436705736,0.9583333333333334,87.9515415527507,0.17766166103280384,24,0.8550627985413187,0.14493720145868125,FULL,24,78.292
MSME0264,0.9904761904761905,0.23548351485545913,8,0.06532187172119297,0.002506277815375813,0.06948588630232858,0.9583333333333334,404.8388422870014,0.2719583130885337,24,0.8389537694614337,0.16104623053856618,FULL,24,41.5
MSME0265,1.0,0.4154015869947757,2,0.016882053890145687,0.024098522851298817,0.6008910650972971,0.9166666666666666,18.471769762558626,0.5409173355994218,23,0.778118595384317,0.22188140461568293,FULL,24,234.042
MSME0266,1.0,0.1759551018801944,3,-0.05774091586750007,-0.0776728138000542,0.7095607987119175,0.5833333333333334,10.497101961487541,0.14644420526547067,24,0.635768606816909,0.36423139318309083,FULL,24,157.583
MSME0267,1.0,0.42276536814845933,5,0.0632317509462532,0.06982797828132714,0.33827755636569684,0.7916666666666666,43.5737997634811,0.20465622112472795,24,0.7737533669809896,0.2262466330190103,FULL,24,79.667
MSME0268,1.0,0.19845998739551207,9,-0.07323050937831899,-0.0346163275222771,0.5613232414362344,0.9166666666666666,25.45531424566049,0.31155026885135323,24,0.885753204015233,0.11424679598476693,FULL,24,42.875
MSME0269,1.0,0.37310101454254874,2,-0.06826702974509613,-0.08944118838477705,0.41280338492354707,0.5833333333333334,41.82341451548187,0.5758227790529987,22,0.6364928306912476,0.3635071693087524,FULL,24,212.75
MSME0270,1.0,0.17790583233178814,6,0.015404539885487812,0.031679357404361716,0.6104028872015428,0.9166666666666666,17.708321444109895,0.22953296154070105,23,0.7984059090023454,0.20159409099765452,FULL,24,164.458
MSME0271,1.0,0.4446647686418827,1,0.15009828569890504,0.1319696809276743,0.20603111379450595,1.0,94.2416706999051,0.16476196231573578,24,0.8352677300975863,0.16473226990241369,FULL,24,80.167
MSME0272,1.0,0.4236136842281999,12,-0.09661757507015553,-0.019359822973153813,0.18204531482073602,0.4782608695652174,168.82281796704243,0.7490496102550682,24,0.622643883361209,0.3773561166387909,FULL,24,33.625
MSME0273,1.0,0.4549024623733274,2,0.13640328621615097,0.11888755714369664,0.3690050966942116,0.8333333333333334,51.56091514345049,0.49981735346432576,22,0.7532619089439296,0.24673809105607045,FULL,24,230.958
MSME0274,1.0,0.18537811036902035,1,0.04483817838909463,0.03472558169059551,0.6860921427485761,0.8333333333333334,12.568835942641726,0.22857055250945787,22,0.6943257509118589,0.305674249088141,FULL,24,166.333
MSME0275,1.0,0.44937003894775734,1,0.1167393551527244,0.12432490835405358,0.18877868392668506,0.9583333333333334,100.59731750616146,0.21738637860487223,24,0.8462032879474689,0.15379671205253112,FULL,24,78.625
MSME0276,0.9904761904761905,0.39849410689294074,11,-0.298988367455188,-0.21168026348258437,0.15447243424918602,0.25,169.26572130834035,0.6676897177060603,24,0.6108468175232358,0.38915318247676417,FULL,24,31.167
MSME0277,1.0,0.42520204814272644,3,0.21620018590807416,0.04051072087974619,0.7016811435382142,0.5,11.014806764578692,0.6701403969856002,18,0.633094032917716,0.366905967082284,FULL,24,201.0
MSME0278,1.0,0.14162912882034784,2,0.08074929019670835,0.033966385942010006,0.6065763240048747,0.875,17.964589232123608,0.12218743086491177,23,0.7413799249928574,0.2586200750071426,FULL,24,168.0
MSME0279,1.0,0.3550427222635753,2,-0.042264996568545626,-0.04804736689586671,0.5574748055295209,0.5833333333333334,17.356413725511754,0.41392843359772435,24,0.7226268200235935,0.2773731799764064,FULL,24,76.667
MSME0280,1.0,0.2243827414018834,7,-0.004796351235891847,0.035102076971067764,0.07166889906888481,0.9166666666666666,401.3129210934059,0.4363758355966549,24,0.7777447542540297,0.2222552457459704,FULL,24,40.25
MSME0281,1.0,0.4024201508678744,1,0.07740567676898188,0.09229786438538191,0.3363383389661099,1.0,56.91803725988535,0.33728776233681024,24,0.8441607287684407,0.1558392712315592,FULL,24,243.0
MSME0282,1.0,0.1918292555249095,5,0.10456223016734878,0.0676737892099519,0.6305750884017995,1.0,16.28899557664092,0.18454951488721114,22,0.6797943322079532,0.3202056677920469,FULL,24,162.125
MSME0283,1.0,0.42527914283974155,4,0.02700987613726773,0.005211506698360897,0.2248038322707887,0.875,80.63859235499793,0.32354538100483105,24,0.7298954494548417,0.2701045505451583,FULL,24,77.958
MSME0284,0.9904761904761905,0.2661450191476075,9,-0.0853965105531309,-0.09863381166790974,0.08430798995362354,0.9166666666666666,339.5134709452711,0.5264355540873602,24,0.769911684363809,0.23008831563619112,FULL,24,38.917
MSME0285,1.0,0.44573932840709046,7,0.08831309299087195,0.06594184268672809,0.37178486945253536,0.9583333333333334,46.76633170101544,0.5807599262495587,23,0.7547807401261145,0.2452192598738855,FULL,24,230.5
MSME0286,1.0,0.16367503505121164,3,0.11937416235044848,0.13080767247509478,0.5660398245520514,1.0,21.551885426643196,0.1633243548324701,24,0.8311108848010882,0.16888911519891187,FULL,24,169.5
MSME0287,1.0,0.46455664380239964,4,0.17191902484210297,0.1495978342370623,0.27413014722469164,0.9583333333333334,56.75955545757976,0.19798438447435307,24,0.8533319044268067,0.14666809557319327,FULL,24,81.667
MSME0288,0.9904761904761905,0.1819155844617278,15,-0.09208015072772924,-0.009763793629080772,0.05611418304447764,0.9583333333333334,519.7358963647573,0.33259946138729185,24,0.8416867594567093,0.1583132405432907,FULL,24,39.292
MSME0289,0.9904761904761905,0.37788392942218385,8,-0.05637718780988423,0.005832948742073836,0.36702917549349673,0.9583333333333334,52.196283809281795,0.4950822772839035,23,0.745111814653289,0.2548881853467109,FULL,24,229.75
MSME0290,1.0,0.18193308517064483,2,0.06300848120873259,0.028576130249630013,0.598711940256155,0.7916666666666666,19.221637109228528,0.4367312175031599,22,0.7495150997303329,0.2504849002696671,FULL,24,165.958
MSME0291,1.0,0.4509787977365338,1,0.12535593969298672,0.12752780049554774,0.2141046156614057,0.9583333333333334,83.68404894712928,0.20598219542393842,24,0.8309110087079162,0.16908899129208382,FULL,24,81.25
MSME0292,1.0,0.22222256349864747,7,0.07016167626392719,0.1006442453330438,0.043371865574349036,1.0,663.1774541401768,0.4186164177005642,24,0.8608592595800818,0.13914074041991814,FULL,24,39.417
MSME0293,1.0,0.6279656315196481,4,-0.14210117763587612,-0.06183115528872558,0.644516745786678,0.4166666666666667,15.633179629191407,0.792399871316994,16,0.5466569612411502,0.45334303875884974,FULL,24,187.458
MSME0294,1.0,0.18232865590782263,2,0.16049027057466025,0.15533774742200493,0.5719204245173298,1.0,20.982468395662725,0.18997238244003062,24,0.789757536287327,0.21024246371267297,FULL,24,171.5
MSME0295,1.0,0.48289938803658145,1,-0.011331494494680952,,0.23577968409724281,0.7272727272727273,86.18925598177113,0.3675874994743302,11,0.8669507563375243,0.13304924366247575,LOW_CONFIDENCE,11,79.727
MSME0296,1.0,0.1934982384608184,8,0.04097155973166598,0.09162206421272787,0.05961408800312367,1.0,460.48833882213665,0.28582289484014717,24,0.7848733627929759,0.21512663720702413,FULL,24,38.458
MSME0297,1.0,0.4304914796889582,8,-0.11006246053744594,-0.09962906582495241,0.4524686543567596,0.6521739130434783,36.106971802921194,0.7046118529814086,22,0.6808495294566337,0.31915047054336637,FULL,24,213.625
MSME0298,1.0,0.15736996663167732,2,0.11052827489745665,0.06678956301146968,0.5983590306350384,0.9166666666666666,19.755932686802957,0.24717734994392257,23,0.7421243238606527,0.25787567613934725,FULL,24,167.333
MSME0299,1.0,0.42050047625275366,4,0.27128111817410205,0.2127000178594118,0.3909368695573995,1.0,38.061803933653664,0.20823526966748254,24,0.8633097477526401,0.13669025224735987,FULL,24,81.042
MSME0300,0.9904761904761905,0.2802451564468451,9,0.2538727589428606,0.047790550119992205,0.15708949198040822,0.20833333333333334,189.78866406957854,0.6376710504747497,24,0.6218585592917727,0.3781414407082273,FULL,24,31.292
MSME0301,1.0,0.34129011440821544,4,0.027478571691046564,-0.03729270629634103,0.4548416926277106,0.5833333333333334,32.62748947351921,0.41989887489473204,24,0.6453735783368468,0.3546264216631531,FULL,24,215.0
MSME0302,0.9904761904761905,0.20134523138939578,7,0.10269514411964849,0.07289130200440726,0.596246660983423,0.9583333333333334,16.814744128811157,0.23820685972183764,23,0.8247732443766774,0.17522675562332257,FULL,24,165.625
MSME0303,1.0,0.44585493299802964,8,0.18487135869437632,0.17227629658634136,0.22047678598213497,0.9166666666666666,81.40040994099034,0.2067948454841068,24,0.8392411335380686,0.16075886646193135,FULL,24,79.167
MSME0304,0.9904761904761905,0.21999620956634147,9,-0.19473790929107135,-0.061105109352467914,0.30744898349808547,0.9583333333333334,64.25128714995644,0.6273047285427885,24,0.8092237097043417,0.19077629029565832,FULL,24,42.625
MSME0305,0.9904761904761905,0.41787709007404705,9,-0.07014683942992415,-0.09559402083906443,0.5008549920935609,0.625,26.986680055496148,0.5427150705093845,21,0.662794786630462,0.3372052133695379,FULL,24,218.833
MSME0306,1.0,0.24183380436924717,3,-0.1280500263638898,-0.18004170937622746,0.7465701294142798,0.4166666666666667,7.183792063612262,0.23229689894599856,12,0.5194707031487287,0.48052929685127144,FULL,24,131.333
MSME0307,1.0,0.6214529335792798,3,-0.2330456573379163,-0.2252623491779588,0.35747670747278637,0.2916666666666667,44.08958920748974,0.7513031294269915,19,0.5792321188104762,0.42076788118952374,FULL,24,62.625
MSME0308,1.0,0.2165288785275704,6,0.04966940671040241,0.06632240894419936,0.4468391831109798,0.9583333333333334,33.84941178142644,0.45648308840873,24,0.8894510139401745,0.1105489860598255,FULL,24,44.458
MSME0309,1.0,0.36950989911410487,1,-0.004250850585936191,-0.006274842033333131,0.34548965471045495,0.9583333333333334,56.27771307874682,0.4088766226292024,24,0.7413486501350317,0.2586513498649684,FULL,24,229.458
MSME0310,1.0,0.16514881476011958,3,0.18971062429193586,0.1511708028660495,0.585128278906566,0.9583333333333334,18.1040696102994,0.14278928630093482,24,0.8267676370409041,0.173232362959096,FULL,24,172.375
MSME0311,1.0,0.45140467627944664,5,-0.10916014776474718,-0.0751064301537,0.25163884663501324,0.625,75.18022076971597,0.5717864559346051,23,0.6670690650026663,0.3329309349973336,FULL,24,70.333
MSME0312,1.0,0.17201237679334647,8,0.003335756881968048,0.035057902528840154,0.03992270327109292,0.875,657.4993795434341,0.22945746278109846,24,0.7602313474679094,0.2397686525320906,FULL,24,38.875
MSME0313,1.0,0.4118457918428245,6,-0.042604481378552994,-0.07990989159576502,0.5721640688564603,0.6086956521739131,22.069414102192408,0.7047763411909315,23,0.6924974308034615,0.30750256919653846,FULL,24,221.833
MSME0314,1.0,0.1654755811399551,3,0.0361168509504146,0.026144484312284014,0.5888370226040986,0.875,19.09958557151474,0.10224713716430057,24,0.7665955979831116,0.2334044020168884,FULL,24,163.5
MSME0315,1.0,0.546009177355241,6,-0.41758962314476905,-0.350606816676827,0.3336197075265036,0.25,55.26446900886185,0.6533906279591107,22,0.5627982070243751,0.43720179297562484,FULL,24,62.0
MSME0316,1.0,0.19195451753141898,10,0.1316481218943941,0.16930499683650183,0.015037522417464763,0.9090909090909091,1931.912145221451,0.4040211418633655,24,0.8483970545419052,0.15160294545809488,FULL,24,37.5
MSME0317,1.0,0.4340757745865288,5,-0.08072320410274952,-0.07135109065440859,0.4671076291475064,0.5833333333333334,29.6089965234921,0.44804395800119,22,0.6586806382034437,0.34131936179655636,FULL,24,215.25
MSME0318,0.9904761904761905,0.19016558547804585,8,0.07480537229579544,0.08955173940932219,0.6458746403894132,0.9583333333333334,13.700398933738235,0.21905549110426561,23,0.872337231866173,0.12766276813382704,FULL,24,169.583
MSME0319,1.0,0.3882419544569804,3,-0.09154651711348363,-0.09793530823422872,0.24574956749106072,0.5416666666666666,80.9941638656129,0.2757676253892813,24,0.6718806528425784,0.3281193471574217,FULL,24,67.917
MSME0320,1.0,0.19233797419826507,10,0.038199581676939466,-0.012057514305851736,0.5415933810323745,0.9166666666666666,22.256935401430752,0.27508043775324975,24,0.8978215230460119,0.10217847695398809,FULL,24,44.042
MSME0321,0.9904761904761905,0.41217791770098733,8,0.04129514527623529,0.027894517164058504,0.45637715368732074,0.7916666666666666,34.4850855491696,0.509731326575036,24,0.7564425475612189,0.24355745243878119,FULL,24,230.208
MSME0322,0.9904761904761905,0.15728225291482884,7,0.04194916409984997,0.03607308684139351,0.5939575972833739,0.8333333333333334,20.230466953796935,0.2247157815825472,24,0.7260971000363907,0.2739028999636092,FULL,24,162.833
MSME0323,1.0,0.444995229982123,1,0.04067743207682092,0.05799517469721697,0.23283053457957611,0.875,75.45067470501964,0.5119107982012354,24,0.7617006444991418,0.2382993555008582,FULL,24,79.0
MSME0324,0.9904761904761905,0.25614151564759663,11,0.14039320984490733,0.14568779477869612,0.052327489053121845,0.8333333333333334,564.2869522646994,0.5684623061455383,24,0.7728060347785175,0.2271939652214825,FULL,24,37.667
MSME0325,1.0,0.48009999959714755,4,-0.26666959258490797,-0.31824840574948415,0.7205930966747613,0.25,12.518463346579738,0.698916027939215,17,0.6314425691241895,0.36855743087581044,FULL,24,199.333
MSME0326,1.0,0.16726361304500173,1,0.13443136577443363,0.13036704131564475,0.5762677710374037,0.9583333333333334,19.684297062876524,0.12714550905617344,24,0.8806153762165251,0.11938462378347495,FULL,24,169.417
MSME0327,1.0,0.40421378467103314,2,-0.08810076911933744,-0.08200026264251764,0.2863318067580135,0.75,63.87334458315109,0.5369517872617091,23,0.6266479092074558,0.37335209079254417,FULL,24,70.625
MSME0328,0.975,0.15572929199558191,4,-0.052044517333056435,,0.15482285136980287,0.8888888888888888,153.69423077964046,0.23614286081600422,9,0.7632460364577593,0.2367539635422407,LOW_CONFIDENCE,9,39.667
MSME0329,1.0,0.38871870646990664,3,-0.009093415074106267,-0.04534415788201829,0.3847451469856143,0.4583333333333333,42.48493085682956,0.33959122647233353,24,0.6488628259358863,0.3511371740641136,FULL,24,217.083
MSME0330,1.0,0.2124594220567349,2,-0.015653428826804615,-0.03717674694040804,0.6954693782262429,0.6666666666666666,11.811279109841006,0.18214261612055424,20,0.6857850786617368,0.31421492133826323,FULL,24,153.0
MSME0331,1.0,0.441786789239703,2,0.06006427095142185,0.071456803072369,0.2229209518605861,1.0,84.19562927094722,0.18070907404119924,24,0.847097408906856,0.15290259109314397,FULL,24,80.583
MSME0332,0.9904761904761905,0.31664582365006166,10,-0.23038845633241412,-0.243950325518462,0.11583744189097277,0.3333333333333333,243.11894572403574,0.7783364070892839,23,0.6095052483921396,0.39049475160786046,FULL,24,31.458
MSME0333,1.0,0.3817192085375635,1,0.12124912827294898,0.11737958106302311,0.33657664135329196,1.0,57.85379454246913,0.3549440555992046,24,0.8370994391799425,0.16290056082005763,FULL,24,237.792
MSME0334,1.0,0.2759953465739532,3,-0.21114609382660307,-0.18412132653784088,0.7901148681188669,0.5,10.487506031552606,0.6599488170566614,17,0.6585267771657562,0.34147322283424375,FULL,24,154.75
MSME0335,1.0,0.4363849228906514,2,0.0949604814599432,0.06091629209927568,0.2745077936490184,0.7916666666666666,61.16344255162248,0.2538295555123856,24,0.7680250147109586,0.23197498528904134,FULL,24,80.375
MSME0336,0.9904761904761905,0.23571240823216555,10,0.00347990236086452,-0.0026829147071775676,0.07963762158021599,0.34782608695652173,364.8450887256587,0.7010308740994022,24,0.671296309230771,0.32870369076922895,FULL,24,40.5
MSME0337,1.0,0.3785619951520583,2,0.07128170236306859,-0.00029957909658856274,0.3668616072693161,0.9166666666666666,52.49801066277638,0.3359704856220341,24,0.7391682337815715,0.2608317662184285,FULL,24,227.583
MSME0338,1.0,0.18004288455925033,1,0.13361675099254408,0.14744524178289942,0.5841544659452432,0.9583333333333334,18.910016695514358,0.14795318094004625,24,0.8213688766153947,0.17863112338460535,FULL,24,168.042
MSME0339,1.0,0.41977297177638495,5,0.17390924293450527,0.15201213853062212,0.20240681159065635,0.9583333333333334,91.45946232555245,0.18091232594360993,24,0.8641219405853059,0.1358780594146941,FULL,24,80.292
MSME0340,1.0,0.2371105063553067,6,-0.004183781292251667,-0.14757472911740263,0.09483419383456583,0.5833333333333334,293.38424949600125,0.550109623319506,24,0.674049599720899,0.325950400279101,FULL,24,38.333
MSME0341,1.0,0.414603238846514,4,-0.06260121148046373,-0.06486968081788981,0.39938905107231265,0.5833333333333334,43.52378281249841,0.6493958488184036,22,0.6446682588766935,0.3553317411233065,FULL,24,217.0
MSME0342,1.0,0.18379180698176872,5,0.14732452580719158,0.13396390409297854,0.5963474387230026,0.9583333333333334,18.792869135705665,0.1713912250647153,24,0.8066569271850579,0.19334307281494217,FULL,24,167.375
MSME0343,1.0,0.425266711014796,1,0.10655183573330909,0.09922873708370238,0.20683397363151143,0.9583333333333334,86.37171692704423,0.27681469807215703,24,0.8593151857338374,0.14068481426616267,FULL,24,76.083
MSME0344,1.0,0.21834363269383872,8,0.1903258759469451,0.13667348773660387,0.046060024989351675,0.8333333333333334,633.3422530337027,0.40497005905107886,24,0.8178951449313617,0.18210485506863833,FULL,24,39.458
MSME0345,0.9904761904761905,0.5171280867106175,9,-0.2169924756527587,-0.21500710658465896,0.5453382588170287,0.3333333333333333,22.805072190062415,0.8390486362081941,19,0.5725196865060225,0.4274803134939774,FULL,24,184.458
MSME0346,1.0,0.12685368043861373,4,-0.09488371031233665,-0.029779778513116254,0.59412198863388,0.8333333333333334,19.430039126095487,0.2878806609774828,24,0.7406081724502598,0.25939182754974016,FULL,24,166.333
MSME0347,0.9904761904761905,0.46076920195277254,7,-0.1531380823944612,-0.18916650596503848,0.24445820566535947,0.5416666666666666,82.87245308511353,0.6531680219844848,23,0.6634692510289567,0.3365307489710434,FULL,24,69.208
MSME0348,1.0,0.21716243973826269,7,0.14060314494806442,0.10813808144017849,0.7300123843231271,1.0,15.36949420979611,0.4754768545143189,24,0.89797869383382,0.10202130616617999,FULL,24,43.625
MSME0349,0.9904761904761905,0.5278366089531267,9,-0.16223701525993248,-0.1666934380036374,0.607516845425079,0.2916666666666667,16.6942688895322,0.7506188153604642,18,0.5924718066791842,0.40752819332081575,FULL,24,184.625
MSME0350,1.0,0.17375947002842662,1,0.11163216668637992,0.1292794275921187,0.5883384258639465,0.8333333333333334,18.13507585182244,0.17028376138847282,24,0.8045628521583921,0.19543714784160784,FULL,24,173.25
MSME0351,1.0,0.47439914757769613,4,-0.04304255710553429,-0.1577201995665786,0.37886086933759855,0.4583333333333333,38.08407427195832,0.7683093694747818,22,0.6239411992699265,0.3760588007300735,FULL,24,60.833
MSME0352,1.0,0.2273394916510991,5,0.07378321718645947,0.08512142544464046,0.0515371069309897,1.0,554.5681593222222,0.2993017791127272,24,0.8506808639480359,0.14931913605196415,FULL,24,38.75
MSME0353,1.0,0.6861603426127734,4,-0.29002819861486334,-0.21344019349984866,0.8377006299166307,0.3333333333333333,3.375241869084513,0.8116194564750435,18,0.6299025910145377,0.3700974089854624,FULL,24,191.083
MSME0354,1.0,0.18511293502961484,1,0.14146621787397118,0.16095217876940027,0.6112575015758945,0.9583333333333334,18.349548950475178,0.3129065959850389,22,0.8284027397264435,0.1715972602735565,FULL,24,175.417
MSME0355,1.0,0.4707997183045916,3,-0.1135386712217462,-0.08659426940292501,0.33486740330568243,0.5416666666666666,51.44602963731533,0.5700648375419968,23,0.6735868691427039,0.32641313085729606,FULL,24,71.125
MSME0356,1.0,0.23350722359874757,6,-0.1138681303159139,-0.13980719188168642,0.9544697168896263,0.8333333333333334,1.5331519264035656,0.5063908567224529,24,0.8656524793441518,0.13434752065584826,FULL,24,42.667
MSME0357,1.0,0.4988507149719029,6,-0.2273757785645738,-0.12576094643621288,0.853729491815698,0.3333333333333333,3.826602898226024,0.7198336338955728,20,0.6469109622129742,0.3530890377870258,FULL,24,192.667
MSME0358,1.0,0.18944600279103815,7,0.12408972977807202,0.08374211415844054,0.57919069808413,1.0,20.489763419865856,0.21785072491418012,23,0.26723365635573976,0.7327663436442603,FULL,24,167.208
MSME0359,1.0,0.45840797196702016,2,0.07008300147331287,-0.03146624445745628,0.23663211888412886,0.5833333333333334,84.05365902777348,0.5630222872463397,23,0.6815896791558932,0.3184103208441068,FULL,24,71.333
MSME0360,1.0,0.20955405141004177,6,-0.17282099354242428,-0.07263047845648928,0.05842088328911059,0.6666666666666666,503.01068799813595,0.5336442459639681,24,0.6433942621986013,0.35660573780139865,FULL,24,38.708
MSME0361,1.0,0.3894637616151701,1,0.1410630950610207,0.13860699564440798,0.34430797631453564,0.875,56.23505885751952,0.42774935903558103,24,0.2693659995285383,0.7306340004714617,FULL,24,237.667
MSME0362,1.0,0.20335523613162326,6,-0.04941869333342381,-0.02427191957451483,0.7034343220134446,0.5833333333333334,12.767594429528327,0.5467202575602648,16,0.6733233228602735,0.32667667713972637,FULL,24,152.208
MSME0363,1.0,0.45063177297806006,3,0.12394577582386843,0.03494155151469173,0.2581657968225136,0.5833333333333334,71.8207481206532,0.3165390117747742,24,0.6466059384670638,0.3533940615329362,FULL,24,70.917
MSME0364,1.0,0.1966131590521364,8,0.003862702891054293,-0.015520784886495125,0.08385743921751518,0.8333333333333334,323.2075372897158,0.30036844014740033,24,0.7484981978972637,0.2515018021027363,FULL,24,39.75
MSME0365,1.0,0.43296276497966374,5,-0.0394281950266859,-0.026628125128090655,0.40715140798856264,0.6521739130434783,44.57148810383127,0.6647926070736,23,0.6604443174983845,0.3395556825016155,FULL,24,213.167
MSME0366,1.0,0.29554374850092807,7,-0.0515087610548092,-0.1172067755821561,0.7929899810831101,0.20833333333333334,7.573246197359143,0.6010081398811588,12,0.5859294563834572,0.4140705436165429,FULL,24,127.5
MSME0367,1.0,0.5018154792610499,2,0.06594837045108941,-0.0011736488574327917,0.230537340709618,0.8333333333333334,78.54405256654239,0.5132972168263125,24,0.7559070695079091,0.24409293049209088,FULL,24,76.0
MSME0368,0.9809523809523809,0.3598882952465633,9,-0.05816091909168329,0.07454670959371838,0.12959248250033845,0.7391304347826086,236.35873981638284,0.6758011060445082,24,0.6989385054041771,0.3010614945958228,FULL,24,35.333
MSME0369,1.0,0.39580301611174906,1,0.14241474461653142,0.139981441864876,0.5511676364511628,0.9583333333333334,23.336629717026508,0.3925436151618637,24,0.8606435693728172,0.13935643062718292,FULL,24,242.25
MSME0370,1.0,0.1596906662945924,2,-0.018693784448010627,0.003132419443855565,0.6142847172293067,0.8333333333333334,16.188769142694767,0.15264876585199055,23,0.7088449132382374,0.2911550867617626,FULL,24,163.625
MSME0371,1.0,0.4744233804266171,2,0.1714366105646648,0.20403284798850094,0.21177569821504044,0.9166666666666666,86.10224887604683,0.5086634890328147,24,0.8516727278185554,0.1483272721814446,FULL,24,79.792
MSME0372,1.0,0.2667867196996251,6,0.22430745410987593,0.20134894373691095,0.9004042758392653,0.782608695652174,4.3090528331138325,0.5689412039168228,24,0.8623687520083902,0.13763124799160967,FULL,24,41.25
MSME0373,1.0,0.3758538583826679,6,0.06892758416480804,0.09538249809537787,0.5351590588357904,0.8695652173913043,23.721526953181996,0.3746424900296621,24,0.8514035035145323,0.1485964964854677,FULL,24,242.792
MSME0374,1.0,0.16893632134186948,1,0.11130497660184237,0.12748334556781737,0.6044335475585302,0.875,16.67488058002963,0.23181882595000106,24,0.803686803265256,0.19631319673474398,FULL,24,173.25
MSME0375,1.0,0.4660129009204608,1,0.15366212078379604,0.15064098793796132,0.19780186300937344,1.0,95.05347079380994,0.2503950664710807,24,0.862213569570765,0.1377864304292349,FULL,24,78.042
MSME0376,1.0,0.21613258886218673,8,-0.08138863455854865,0.0012945754014291552,0.10412145087074964,0.782608695652174,267.1675664165405,0.2833864414732574,24,0.7692580101152011,0.23074198988479894,FULL,24,39.458
MSME0377,1.0,0.4035266766662462,8,-0.05874342087385477,-0.09865329413557222,0.4310336559522223,0.5,37.18756052349041,0.5418602019514606,22,0.6521994889790899,0.34780051102091025,FULL,24,211.0
MSME0378,1.0,0.35658702026851,4,-0.3291049695298453,-0.3379058714057007,0.8432546669723551,0.4166666666666667,6.135823725898705,0.7566110732396244,12,0.6373718070364732,0.3626281929635268,FULL,24,129.833
MSME0379,1.0,0.44543318613358257,4,-0.09677526922371507,0.009565741873655461,0.4052587711189333,0.5,37.1712102925761,0.6412689179162496,23,0.7268223619869576,0.27317763801304235,FULL,24,74.167
MSME0380,0.9904761904761905,0.287432929793252,5,0.01865169975055135,-0.09549352393816175,0.1281958047705523,0.625,212.23969453700772,0.6252879644831474,24,0.7027230504402007,0.2972769495597994,FULL,24,39.75
MSME0381,1.0,0.38409819259214706,6,0.0914271935163284,0.025168134075975394,0.642584569024158,0.9166666666666666,16.19666707285357,0.41346146303861925,24,0.7841140927641026,0.21588590723589743,FULL,24,236.583
MSME0382,1.0,0.4256587335652703,5,-0.3382258452194572,-0.3050304704050422,1.0070020319269126,0.2916666666666667,1.947417399349406,0.6900457348723297,12,0.543747485713761,0.45625251428623903,FULL,24,135.917
MSME0383,0.9904761904761905,0.428804908574411,8,0.07172973030113096,0.0892554119349817,0.19384050086077342,0.9565217391304348,96.60066167496927,0.17961125645525755,24,0.8442512756688837,0.1557487243311164,FULL,24,77.667
MSME0384,1.0,0.14518342522277808,10,0.018586561004906046,-0.014063375844047822,0.10749188763779229,0.7916666666666666,262.0959745983579,0.28320584592212455,24,0.7806425521505862,0.2193574478494137,FULL,24,36.5
MSME0385,1.0,0.36076713675670186,3,-0.24172565158662293,-0.15314841610105068,0.436804027432858,0.625,39.567411139902674,0.6768906883720675,22,0.6573977026835154,0.34260229731648467,FULL,24,218.458
MSME0386,1.0,0.19483145182712563,8,-0.17517937549224144,-0.13211273340459434,0.6494948455482488,0.5652173913043478,15.978721046480645,0.3668492395830116,22,0.6374288764938612,0.3625711235061389,FULL,24,154.0
MSME0387,1.0,0.45990211691475724,6,-0.09333342247364829,-0.20772215396175164,0.6070849456029016,0.3333333333333333,13.728813491536112,0.6429845662439158,23,0.6500015700130911,0.34999842998690894,FULL,24,64.042
MSME0388,0.9904761904761905,0.2768170777870569,10,0.07803876073522648,0.056701127567395274,0.05679186818898316,0.9583333333333334,466.24076900405555,0.37702187474102855,24,0.7388521532474501,0.2611478467525499,FULL,24,39.875
MSME0389,1.0,0.3869362972492171,1,0.16343362840913372,0.13669442957338274,0.32487842799329697,0.8333333333333334,60.75945050534723,0.3985976954282015,24,0.8378707133301402,0.16212928666985976,FULL,24,236.167
MSME0390,1.0,0.15411082525820996,8,0.05900459453031392,0.04781120044288966,0.5702486196227305,0.9583333333333334,20.804414473918722,0.164222364276329,24,0.726466066992996,0.27353393300700396,FULL,24,162.25
MSME0391,1.0,0.4244709155805775,7,0.10097106494903858,0.06618831150762935,0.30499667000257485,0.9166666666666666,53.43347200514147,0.30736397984404085,24,0.7456999212496623,0.2543000787503376,FULL,24,77.833
MSME0392,0.9904761904761905,0.22158845025256027,5,0.18329348024717854,0.15669338310707526,0.47855056243911337,0.9583333333333334,34.57976616499978,0.22279786818818045,24,0.8921218969931711,0.10787810300682892,FULL,24,44.167
MSME0393,1.0,0.4177695052357701,8,0.017245213095217836,0.009571977471754646,0.32830626758238646,0.75,55.30705780650652,0.5035317230266093,24,0.7383290956883307,0.26167090431166934,FULL,24,230.958
MSME0394,1.0,0.12289797204171077,5,-0.024531589665634845,-0.02190256046733289,0.647366787220287,0.7916666666666666,15.34255769520295,0.12748394342533806,24,0.7808341513419117,0.21916584865808827,FULL,24,164.333
MSME0395,1.0,0.4162311525521313,7,0.16027976171795938,0.14132739959242296,0.17567691834077942,1.0,110.96873232926733,0.1659239367437166,24,0.8448676012024323,0.15513239879756766,FULL,24,78.375
MSME0396,0.9714285714285714,0.3109337896237259,11,0.11046070135208493,0.06992262986745246,0.26771557543982666,0.2916666666666667,104.81521392196501,0.7016663625367984,24,0.5931130119252204,0.4068869880747797,FULL,24,28.75
MSME0397,1.0,0.39098685660449556,7,0.0027998526170443187,-0.006644550260054413,0.3900866727618192,0.9166666666666666,43.048965356954916,0.34910421895789523,24,0.7508831702135866,0.24911682978641336,FULL,24,232.833
MSME0398,1.0,0.13752168909590876,3,-0.14237367450321087,-0.14692253170075015,0.6734729562797802,0.5416666666666666,14.697352330207973,0.12973957309853906,21,0.6414420749291134,0.3585579250708865,FULL,24,155.042
MSME0399,1.0,0.4589536613940049,4,0.15119179940990815,0.15700971347030335,0.1970696799483789,1.0,95.17312944415383,0.21578202923034315,24,0.8529439004422783,0.14705609955772164,FULL,24,79.583
MSME0400,0.9904761904761905,0.19461298052653295,7,0.21180102832732747,0.18185548619092054,0.09592252787359734,0.9583333333333334,294.0071979146711,0.3283730645254775,24,0.8447311965081378,0.15526880349186223,FULL,24,40.792
MSME0401,1.0,0.38813975895271835,2,0.04006501244764535,0.07721148714805541,0.4985112684378882,0.9166666666666666,30.209199742570274,0.37171561289272315,24,0.7578438136341483,0.2421561863658517,FULL,24,241.083
MSME0402,1.0,0.16990438069352123,1,0.1497314239209078,0.12169221284196359,0.5946896796576399,0.9583333333333334,18.090702180647064,0.14081167409634684,24,0.7789718202533091,0.22102817974669092,FULL,24,168.667
MSME0403,1.0,0.44916477794021814,7,0.08950604025740841,0.10830039644562008,0.3030737447686457,0.875,52.37207595382201,0.19397218772758704,24,0.8696507331942436,0.13034926680575648,FULL,24,81.25
MSME0404,1.0,0.19536838587310904,7,0.08243123900566021,0.11555531229699119,0.04781249147728281,0.9166666666666666,593.56140809367,0.3455992891554555,24,0.8212676426955995,0.17873235730440043,FULL,24,40.375
MSME0405,1.0,0.36664598798383713,2,0.04533920761303279,0.04257523470134105,0.36371840252735776,0.875,50.72305920769038,0.3585755448656255,24,0.7432438443997289,0.25675615560027115,FULL,24,234.75
MSME0406,1.0,0.16158402737723496,2,0.050275881335292115,0.06169804834200282,0.6754626097780413,0.8333333333333334,12.019158778165178,0.11661227916406759,24,0.7373595807918475,0.2626404192081525,FULL,24,166.208
MSME0407,1.0,0.438477764006961,7,-0.032353149706004,-0.03794432206631253,0.2654314829135305,0.7083333333333334,68.34816701620346,0.43180725078270327,24,0.6946418194084035,0.3053581805915966,FULL,24,68.25
MSME0408,1.0,0.22114866843622058,8,-0.08115706159094702,-0.06481590878038995,0.24477106525247144,0.8333333333333334,106.07634335176535,0.4626728290793219,24,0.7805256890847533,0.21947431091524675,FULL,24,43.625
MSME0409,1.0,0.39720097066801147,3,0.012993665970739796,0.011882315691412518,0.4332330252592476,0.9583333333333334,37.64248395186705,0.5983627653262424,23,0.7584696032416087,0.24153039675839127,FULL,24,234.125
MSME0410,1.0,0.18986345068045052,2,0.1172376314945629,0.1300283262833771,0.6031757116557249,0.9583333333333334,20.160012281303736,0.26965761510575437,22,0.8334040262724012,0.1665959737275989,FULL,24,168.292
MSME0411,1.0,0.4622494194848487,6,0.09484355377730655,0.08694252499690432,0.3784654319518311,0.9130434782608695,36.37275928978946,0.3163112703126672,24,0.8542381738862839,0.1457618261137161,FULL,24,82.083
MSME0412,1.0,0.16061717887788715,7,0.10177320944089271,0.09633865281588075,0.05669842065439151,0.9583333333333334,511.24211383871693,0.26802703131774014,24,0.8384999434090418,0.16150005659095826,FULL,24,41.833
MSME0413,1.0,0.35511619591351895,1,0.09749200236093349,0.12089880054541201,0.35065649760629813,0.9583333333333334,52.63174219649757,0.38146405559992186,24,0.8338053271978331,0.1661946728021669,FULL,24,238.625
MSME0414,1.0,0.1997102272388342,4,-0.1154544279041722,-0.03611709580600623,0.7006457471587714,0.5833333333333334,12.756282140091598,0.5015699163520829,21,0.5757416663599884,0.42425833364001164,FULL,24,153.958
MSME0415,1.0,0.46306606276866563,1,0.06668785331974691,0.09424403847247821,0.3904634166988796,0.9166666666666666,32.152046374696496,0.28347700352958577,24,0.8734083512422428,0.12659164875775722,FULL,24,82.25
MSME0416,0.9714285714285714,0.3624477573234604,10,-0.31186389577023194,-0.29544295268890824,1.256497064829386,0.25,-5.430536645306633,0.7830830703493498,23,0.7823680661019166,0.21763193389808339,FULL,24,34.0
MSME0417,0.9904761904761905,0.40258322983498657,8,-0.03530729329613707,-0.004098677511100133,0.5733893442254854,0.9130434782608695,23.077119109391283,0.48636760594016204,24,0.785884597137998,0.21411540286200198,FULL,24,232.417
MSME0418,1.0,0.17566038183334465,3,0.03428770780329611,0.039623598460037816,0.6022370529355751,0.6666666666666666,16.911216473356774,0.12904844872173651,24,0.7641227670927706,0.2358772329072293,FULL,24,164.167
MSME0419,1.0,0.49086779443917555,7,-0.19392789000586355,-0.1792937740065959,0.336498418500594,0.5217391304347826,54.19278629952554,0.7069737577634223,22,0.5766671912286324,0.42333280877136764,FULL,24,61.25
MSME0420,0.9809523809523809,0.35028605660997886,9,-0.3121962863286586,-0.32829796841190007,0.2147763038024831,0.2916666666666667,113.3188483132249,0.7012831205676481,24,0.6401722622360505,0.3598277377639494,FULL,24,31.75
MSME0421,1.0,0.4902187348587034,7,0.08305381274553565,-0.07410637133379731,0.4900613782917378,0.20833333333333334,28.580802340813047,0.497308219008157,18,0.5830549382445201,0.41694506175547974,FULL,24,184.708
MSME0422,1.0,0.25617724492805705,3,0.007620819663935948,-0.02484514544852152,0.7012520890765787,0.5833333333333334,12.409374100208627,0.5996420813968265,15,0.6538310239766948,0.34616897602330526,FULL,24,151.583
MSME0423,1.0,0.45661557437326045,7,0.06861312096343411,0.03127103356307294,0.2536225677230544,0.7916666666666666,70.18194593270755,0.3719282544290172,24,0.2687031837866717,0.7312968162133284,FULL,24,78.542
MSME0424,1.0,0.1936000560222415,8,-0.10808104225046988,-0.09268325843522962,0.08542087475892983,0.7916666666666666,326.32604667185365,0.32383834647600646,24,0.7911717091984536,0.20882829080154644,FULL,24,40.625
MSME0425,1.0,0.5482996931823315,5,-0.12402471105641484,-0.15084105949297183,1.0217995099730712,0.2916666666666667,-4.434882702660788,0.6676672676939641,16,0.6863645099084631,0.3136354900915369,FULL,24,193.833
MSME0426,1.0,0.20330032566279246,7,0.2821272497429117,0.20942566622204142,0.5836873115062434,0.9565217391304348,20.906019980163048,0.4484087038713668,23,0.8401273812182888,0.15987261878171125,FULL,24,167.792
MSME0427,1.0,0.4428789403867419,2,0.031068335520892356,0.06891275871398231,0.24969873561845043,0.8333333333333334,72.42154559674698,0.5712498370219874,23,0.7564642972420262,0.24353570275797365,FULL,24,78.5
MSME0428,1.0,0.19380463441460208,8,0.10348004693221323,0.13115081103514625,0.4715708571238248,1.0,31.21964394619522,0.19206565646084534,24,0.5097598216793449,0.49024017832065514,FULL,24,41.125
MSME0429,1.0,0.39161457990970966,2,0.08981291167607607,0.11844563429125336,0.37889765475831627,0.9583333333333334,46.96838354807833,0.40009727351984303,24,0.8310364009437742,0.16896359905622588,FULL,24,238.375
MSME0430,1.0,0.20603053537208557,1,0.11171276573043169,0.1432483221294375,0.6019877016240444,0.9583333333333334,19.138479369093087,0.47943104730187025,22,0.8417834213332294,0.15821657866677058,FULL,24,169.667
MSME0431,1.0,0.2875861477368933,2,,,0.6135130553230501,0.5,26.44635149478822,0.4645130298282886,4,0.6845883691296041,0.31541163087039603,NOT_ASSESSABLE,4,72.0
MSME0432,1.0,0.19885938827868183,7,0.03678818338782478,0.05902855753207272,0.07037284673963809,1.0,395.63296969111946,0.5293728627478235,24,0.8486900840923238,0.15130991590767612,FULL,24,39.5
MSME0433,0.9904761904761905,0.38557842392462544,7,-0.0065873227192920925,-0.02494357548688644,0.3743996922759587,0.7083333333333334,48.933765707925446,0.3869321759022404,23,0.6549949433754636,0.34500505662453645,FULL,24,212.375
MSME0434,0.9904761904761905,0.22283964974205872,8,-0.06915939263029561,-0.11494372705466928,0.6793663322186931,0.5,13.106398772153044,0.4180427814615473,18,0.6285709424432263,0.37142905755677375,FULL,24,150.375
MSME0435,1.0,0.4432275462149171,4,0.13536411268654244,0.12911402442747508,0.19530628457699997,1.0,93.73312288555498,0.1748002236704264,24,0.8416173448402501,0.15838265515974995,FULL,24,77.625
MSME0436,1.0,0.2248163665393128,7,0.033758047386573294,0.13547900431536364,0.09036220977848872,0.9166666666666666,282.5236792478019,0.2599499578395778,24,0.8464670727002976,0.1535329272997024,FULL,24,40.542
MSME0437,1.0,0.43381113400411947,4,-0.0882465404917641,-0.0026910931044863903,0.4984444960855798,0.6666666666666666,27.97006973787266,0.554212524366788,23,0.6726939256708693,0.3273060743291307,FULL,24,218.125
MSME0438,1.0,0.1870707459480378,5,0.16814124753692306,0.15481758654891634,0.5755922610679539,0.782608695652174,19.258458243442863,0.23004241621737828,23,0.8550318691126476,0.1449681308873525,FULL,24,173.042
MSME0439,1.0,0.4239589805298634,1,0.061600547233387856,0.06186898194617954,0.22423079842362134,0.9166666666666666,81.34173117664665,0.1733630647124512,24,0.7426555644374743,0.25734443556252573,FULL,24,79.333
MSME0440,1.0,0.3771454306566126,9,-0.23460136035664805,-0.2187474796397526,0.13805002830572288,0.20833333333333334,183.56260318082292,0.5797506818973378,24,0.6450569457290267,0.3549430542709733,FULL,24,31.375
MSME0441,1.0,0.38288077976741397,4,-0.1255134298387673,-0.16879325302310685,0.43038331837979016,0.5416666666666666,39.911288448040466,0.5762342235578969,21,0.651338951765359,0.34866104823464106,FULL,24,215.417
MSME0442,1.0,0.1612321209279018,5,0.11371273799881011,0.11954081421172352,0.5844816658540928,0.9166666666666666,19.578560393057398,0.1716465024690037,24,0.7808431541205131,0.21915684587948686,FULL,24,165.417
MSME0443,0.9904761904761905,0.4901994077953089,8,0.13329327635787824,0.1514517494370374,0.5546362280314928,0.75,19.47902958155995,0.5700812891190202,23,0.7235565780418243,0.2764434219581758,FULL,24,75.833
MSME0444,1.0,0.2544908808758785,6,0.21881577609354516,0.2544717882041883,0.11446195401856438,0.9583333333333334,220.10354488336637,0.4002718874311798,24,0.8272159471675397,0.17278405283246034,FULL,24,37.625
MSME0445,1.0,0.39051910725308153,6,-0.025222061316446862,-0.05432409146457004,0.36335551584231096,0.875,50.19266008650448,0.3800805215664394,24,0.7300805014583522,0.2699194985416479,FULL,24,235.75
MSME0446,1.0,0.2819637986192594,5,-0.23279581773306224,-0.19895609720063737,0.8800272788992096,0.4166666666666667,4.901727867113593,0.6022782521529465,14,0.5727617324302009,0.42723826756979916,FULL,24,139.083
MSME0447,1.0,0.4615531707188779,8,0.038651928979648476,-0.031010935532783963,0.25416955931853175,0.43478260869565216,69.16262481328681,0.41963204191759274,24,0.6610665126776569,0.3389334873223431,FULL,24,69.5
MSME0448,0.9904761904761905,0.22448727277244276,8,0.12488070131080733,0.22008916938073203,0.7181682346382016,0.9583333333333334,13.247987786594347,0.38875329530027203,24,0.9140505481026042,0.08594945189739582,FULL,24,45.458
MSME0449,1.0,0.35845144848000643,8,0.0899282212143945,0.06462432269240985,0.35530757102072463,0.9565217391304348,45.678708710636535,0.33027135589409046,24,0.74522713381339,0.25477286618660994,FULL,24,229.208
MSME0450,1.0,0.14758422978864122,6,-0.012284135071237339,-0.015962660081897243,0.6517011704595962,0.7083333333333334,15.414094926693231,0.23922318656560793,22,0.7090162646547556,0.2909837353452444,FULL,24,160.208
MSME0451,1.0,0.45943380870996625,1,0.16043470157487452,0.1387833048145609,0.2202433833697093,0.9583333333333334,80.92947922813207,0.4193423000571335,24,0.8555037481077313,0.14449625189226867,FULL,24,79.458
MSME0452,0.9375,0.30542606378886217,8,-0.10888935821436063,,0.1353712051447055,0.5714285714285714,206.35920223513904,0.4998080529387234,7,0.6106060547628833,0.3893939452371168,LOW_CONFIDENCE,7,27.857
MSME0453,1.0,0.46726429406555525,6,-0.3252680336230924,-0.2792637844395028,0.7712623233609102,0.2916666666666667,6.817010848912562,0.7540410817657518,19,0.6387400343617897,0.36125996563821033,FULL,24,193.625
MSME0454,1.0,0.17722132364664325,1,0.16392902038079393,0.1328784613283241,0.5981812307391384,1.0,18.70567289720138,0.37204345406327505,23,0.8500122026083378,0.14998779739166226,FULL,24,173.458
MSME0455,1.0,0.4257414921993197,5,0.08710655874798247,0.09882708592678713,0.2508810417797808,0.9166666666666666,67.85278639009287,0.2185726424397823,24,0.8430604035080779,0.1569395964919222,FULL,24,80.167
MSME0456,1.0,0.21837826566787694,9,0.13354356454461075,0.034942579106675746,0.9627105784492711,0.5416666666666666,0.011703021345710342,0.2927091768077782,24,0.8155291412456566,0.18447085875434333,FULL,24,40.167
MSME0457,1.0,0.3645032296990224,3,0.002949895713120848,0.03358418516730246,0.3397330117755483,0.8695652173913043,57.27483633471427,0.3486846657234185,24,0.7571928430216169,0.24280715697838298,FULL,24,239.333
MSME0458,1.0,0.13084904561669908,5,-0.030677701174431422,-0.0003562863006063092,0.602452256980486,0.8333333333333334,18.872479057986343,0.13116925460594783,23,0.7411413052253912,0.2588586947746089,FULL,24,163.917
MSME0459,1.0,0.39467067794059707,8,0.098412106327525,0.11021687368248184,0.1828463310264895,0.9583333333333334,104.83866319866407,0.1811836709116791,24,0.830662381085238,0.16933761891476198,FULL,24,79.0
MSME0460,1.0,0.1934918721916298,7,0.06900160724411884,0.03148418530054412,0.7210148748832628,0.8333333333333334,10.499825390100229,0.19603668807799068,24,0.8433023333261387,0.15669766667386129,FULL,24,44.583
MSME0461,1.0,0.36350765796058215,2,,,0.5555953300599586,0.4,29.51650446506832,0.4712282344066851,4,0.5874837253763799,0.41251627462362,NOT_ASSESSABLE,5,227.6
MSME0462,1.0,0.15203262491770617,8,0.006905099737165083,0.008281727663132496,0.6170169202003181,1.0,15.95951286293099,0.20036806732039797,23,0.7281262238653209,0.2718737761346791,FULL,24,167.167
MSME0463,1.0,0.4334653371435554,2,0.08445295702128437,0.09920240548116077,0.2127920612875098,0.875,81.88925557934374,0.19400815184325107,24,0.8424215145584282,0.15757848544157183,FULL,24,78.208
MSME0464,1.0,0.2074392332906828,6,0.21234605277384705,0.1533882718214308,0.08648991543547314,0.9166666666666666,313.4396609340058,0.3391693403552095,24,0.8316558632419295,0.1683441367580705,FULL,24,39.958
MSME0465,1.0,0.3810284621973757,3,0.10430431710204097,0.10887136149659062,0.40226868446963776,1.0,42.38403821574297,0.3476865007223854,24,0.8400645727061289,0.15993542729387109,FULL,24,246.583
MSME0466,1.0,0.17126740486912603,8,0.08470177480562571,0.09907725018264796,0.5858175741909168,1.0,19.343706575888955,0.1324990008206026,24,0.8449336694421009,0.15506633055789903,FULL,24,166.25
MSME0467,1.0,0.4272029840243288,5,-0.04999432629287878,-0.015813858274156937,0.41177055282966823,0.9166666666666666,29.88550326394311,0.22644147990784458,24,0.7899466381087921,0.21005336189120785,FULL,24,77.542
MSME0468,1.0,0.33584794080941005,8,-0.28263728599209204,-0.050001311964239244,0.22308694611092483,0.2916666666666667,113.20976328077847,0.708377388740968,24,0.6102950019847118,0.38970499801528835,FULL,24,31.083
MSME0469,0.9904761904761905,0.4060363869568419,9,0.13382444055218848,0.15666970262104046,0.5971495331968036,0.9565217391304348,18.381831133473696,0.3402376396891131,24,0.8578482464219647,0.14215175357803544,FULL,24,237.292
MSME0470,1.0,0.19690067588593116,3,-0.19982929470268876,-0.13463507215929804,0.7423066188071141,0.625,10.77657575103511,0.4603411247065035,19,0.2531156510277337,0.7468843489722664,FULL,24,152.75
MSME0471,1.0,0.44964296564869705,3,0.1071629987943257,0.12015335498838138,0.2007591691719807,0.9583333333333334,92.78760975453055,0.20854599406528238,24,0.859756731932171,0.14024326806782908,FULL,24,79.5
MSME0472,1.0,0.23447055164366642,8,0.2508048717695967,0.2601879115926975,0.08517077514377336,0.9565217391304348,313.952681108339,0.4183393453631322,24,0.8428320504192924,0.15716794958070754,FULL,24,41.125
MSME0473,1.0,0.404068247496225,5,0.15187359668645622,0.13112798495806502,0.32803801388668047,0.9166666666666666,58.459170834384494,0.39373620944308024,24,0.8292712599798481,0.17072874002015187,FULL,24,236.75
MSME0474,1.0,0.2941052077733178,8,-0.12766031772583575,-0.15857204990553223,1.0190120346763534,0.43478260869565216,0.9772106657491991,0.6964665636918232,10,0.6063172247396952,0.3936827752603049,FULL,24,135.625
MSME0475,1.0,0.44363526997656344,2,-0.040988438623979,-0.02379375548539683,0.22554012821471053,0.8333333333333334,76.69445412225646,0.1286838028126882,24,0.7443102532777339,0.255689746722266,FULL,24,76.167
MSME0476,1.0,0.18288961057099024,5,0.2245216130953377,0.200252858637588,0.04836873024300149,0.9583333333333334,589.8173726603108,0.30399402770408634,24,0.8369681567630801,0.1630318432369199,FULL,24,41.208
MSME0477,1.0,0.4122986271774239,2,0.10985353400389557,0.11680916167319809,0.3322472952411092,0.9166666666666666,58.86056128874352,0.3574391020148236,24,0.8298296479127677,0.17017035208723222,FULL,24,242.208
MSME0478,1.0,0.19582073512912757,3,0.006012066424443567,-0.042138847811302074,0.7166161252182132,0.5,10.004476353805055,0.5179039409740698,19,0.7336481843012924,0.26635181569870764,FULL,24,151.208
MSME0479,1.0,0.41216874059153213,2,-0.0605654202403098,-0.08531422403454067,0.23996394967683046,0.5416666666666666,74.81977695575927,0.3171395417040761,24,0.6828169989052322,0.3171830010947679,FULL,24,74.167
MSME0480,1.0,0.17861257711228198,7,0.15679802623784111,0.09577329010011185,0.07990054616320733,0.9166666666666666,347.89635612636494,0.20861210070829625,24,0.8321247817698834,0.16787521823011664,FULL,24,41.208
MSME0481,1.0,0.34814423651639725,7,-0.024439641791193335,-0.025631202042205297,0.3649394246304692,0.875,54.582630551984785,0.40351358003589816,24,0.7427645837571388,0.25723541624286117,FULL,24,234.375
MSME0482,1.0,0.15545067663862924,2,-0.003111911213977965,0.031124458449023857,0.6083130270136561,0.75,18.148612841688696,0.1114440563858468,24,0.6333105425715775,0.36668945742842257,FULL,24,162.5
MSME0483,1.0,0.4586231529721307,5,-0.09962838544658945,-0.06138158124387946,0.2409606052484459,0.5,79.025095152281,0.6031824525305566,23,0.6585042502084717,0.3414957497915283,FULL,24,69.833
MSME0484,0.9809523809523809,0.18349603925737776,8,0.032001414127129896,0.004894592319584038,0.08340264672194303,0.8260869565217391,346.4287299221483,0.39938204098560254,24,0.7662068206329082,0.23379317936709187,FULL,24,40.333
MSME0485,1.0,0.39903941681001964,2,0.11749302278241194,0.11603237666664284,0.5461911903264863,0.9166666666666666,25.458765554283545,0.4208537956851456,24,0.8489513098721293,0.15104869012787075,FULL,24,239.167
MSME0486,1.0,0.19249136775597436,2,0.11028956715178755,0.0788809449314059,0.6076018590849834,0.875,19.848090489000846,0.40080244734603276,22,0.7852458894547261,0.2147541105452739,FULL,24,159.417
MSME0487,1.0,0.4439954026256619,2,0.1352096467203683,0.12677562122758637,0.24324540058178004,0.875,80.28967431391402,0.35319001057973654,24,0.7554630532297331,0.24453694677026694,FULL,24,77.292
MSME0488,1.0,0.24985643686818135,7,0.07582577242569857,0.007637581688380855,0.04875340802840594,0.7916666666666666,555.3166815748489,0.44541697932017704,24,0.7591851472353127,0.24081485276468725,FULL,24,36.375
MSME0489,1.0,0.38554811878351136,8,0.03695543000386178,0.05084184628696643,0.5859636391119782,0.8333333333333334,17.297141232082087,0.46329022373216905,24,0.3755461210490931,0.6244538789509069,FULL,24,234.5
MSME0490,1.0,0.22386053142042772,8,0.14970530571004656,0.06514371421182952,0.6746769243851847,0.625,14.49137673668319,0.3481398286058313,20,0.7339079819063867,0.2660920180936132,FULL,24,165.5
MSME0491,1.0,0.4340310946968747,2,0.18479777997983302,0.1672404275574292,0.19057306881521052,0.9166666666666666,101.07204904911728,0.1965438574596234,24,0.854411651791594,0.1455883482084061,FULL,24,78.667
MSME0492,1.0,0.19238683417987262,5,0.11089526620854226,0.07185322051470237,0.09934824431562146,0.9583333333333334,260.69241327896816,0.28601263922222947,24,0.780893284364093,0.21910671563590703,FULL,24,40.083
MSME0493,1.0,0.40024798774701204,1,0.08884043535489472,0.03697919420136121,0.35428815226955684,0.9166666666666666,49.82694713980471,0.42104410758849614,24,0.7386461115187856,0.26135388848121455,FULL,24,239.542
MSME0494,1.0,0.17268843024235297,1,0.1272475981019408,0.11147298763400107,0.5725832825019521,1.0,19.20957475043992,0.1495895409571881,23,0.7790827770496325,0.22091722295036756,FULL,24,164.833
MSME0495,1.0,0.5311028992367005,5,0.1220422523695591,0.009424265322118493,0.6766897013342165,0.5416666666666666,7.955421993352752,0.7258451634098956,21,0.676071401985017,0.32392859801498297,FULL,24,65.667
MSME0496,1.0,0.2621939517202157,5,0.021855587787554066,0.009976070273701848,0.07504574431826758,1.0,354.52744667313686,0.4037418891077005,24,0.7661409335312824,0.2338590664687175,FULL,24,39.083
MSME0497,1.0,0.39180321185887496,1,0.027985637810978077,0.0025443393798471937,0.33429279547683827,0.8333333333333334,59.14302269173159,0.4362362997962595,24,0.7539768157692937,0.2460231842307064,FULL,24,233.708
MSME0498,0.9904761904761905,0.22116196781725558,7,0.23824788667762656,0.13074858529762,0.6700945221002067,0.9565217391304348,13.972299681502985,0.39283059811583976,21,0.8409014620366252,0.1590985379633748,FULL,24,167.167
MSME0499,1.0,0.4442230318765438,5,-0.05603038551094944,-0.04166263192195518,0.3140869512733638,0.6086956521739131,51.24314228579817,0.4498947492619039,24,0.6593254115464728,0.3406745884535272,FULL,24,75.792
MSME0500,1.0,0.26306958876176717,5,0.023941863973553298,0.0008109195203077532,0.09438544312030814,1.0,286.1505014287794,0.4650248410395823,24,0.7750483330675191,0.22495166693248095,FULL,24,39.917
MSME0501,1.0,0.38560660848475514,2,-0.1617133181370838,-0.11592587920663096,0.4057059334079036,0.625,47.13013462551684,0.7575645345490801,22,0.6549752457615815,0.3450247542384186,FULL,24,218.917
MSME0502,1.0,0.1806817149909089,2,0.07475252110306363,0.09229080262636315,0.6556299674219911,0.7916666666666666,13.621292529159595,0.3238936647742287,23,0.7465250120688336,0.2534749879311664,FULL,24,169.167
MSME0503,1.0,0.29826943944184375,1,-0.01785119295716696,,0.21969368352999702,1.0,99.45441552926796,0.19297990530800152,10,0.7964529313464035,0.2035470686535965,LOW_CONFIDENCE,10,81.3
MSME0504,1.0,0.17439484946449751,5,0.11501241419031455,0.08291301298942383,0.7193858223071123,1.0,11.257107849439192,0.3139207965843589,24,0.9069114135783553,0.09308858642164484,FULL,24,42.167
MSME0505,1.0,0.4142883824942783,6,0.11418128267704815,0.05569103393389735,0.35405891624454944,1.0,54.04648572169389,0.39914786549746817,24,0.8269372846283898,0.17306271537161025,FULL,24,234.625
MSME0506,1.0,0.16202021157717938,3,0.010582111704265835,0.030383743694755588,0.609537512735742,1.0,18.21402992375743,0.358216967737804,23,0.8130493537468614,0.18695064625313865,FULL,24,170.917
MSME0507,1.0,0.3811643011586103,2,0.039569289803391854,0.03620653269093425,0.2370555392749634,0.7916666666666666,82.12579674784631,0.2538822277313245,24,0.7617224625642397,0.2382775374357603,FULL,24,78.0
MSME0508,1.0,0.21355084871357816,5,0.1313532384378089,0.07638448939584454,0.07972439242942898,0.9583333333333334,342.6476406371825,0.3489457099098528,24,0.8402903273456587,0.15970967265434133,FULL,24,41.792
MSME0509,1.0,0.3820727958393597,3,-0.027926277161684054,-0.022275347596992956,0.5076342286743114,0.9583333333333334,26.51406037893483,0.48628622536139604,23,0.7574978039991499,0.24250219600085005,FULL,24,235.167
MSME0510,1.0,0.18029631063001422,5,0.10499541704210906,0.10136415246301543,0.5538459747542392,1.0,20.956541704830084,0.15989167214349365,24,0.7801165229576075,0.21988347704239258,FULL,24,167.958
MSME0511,1.0,0.4822351026929548,8,0.1995215185312784,0.19791368557644518,0.1906899042964903,0.9565217391304348,94.74509312282065,0.316395247498074,24,0.829923129893962,0.1700768701060379,FULL,24,78.042
MSME0512,0.9904761904761905,0.259393334750148,10,-0.10973056275987336,0.045647752512447376,0.07913608695810236,0.9166666666666666,363.326741359326,0.47539935509284353,24,0.758485028949083,0.241514971050917,FULL,24,37.375
MSME0513,1.0,0.3798104119717248,8,0.14920537058568398,0.08827485657330485,0.3336255265130942,0.8695652173913043,59.97766495105067,0.3743155898369319,24,0.7294997691493248,0.27050023085067526,FULL,24,229.208
MSME0514,1.0,0.18650256943261348,7,0.15662587010152967,0.15060791904354112,0.6024907805180262,0.9583333333333334,19.19819662097583,0.2902057189246567,23,0.7835262709553019,0.21647372904469817,FULL,24,165.5
MSME0515,1.0,0.390582348898372,2,-0.024009421632063137,,0.222372626235695,1.0,95.35635999501915,0.11398050302655562,10,0.7490543506612354,0.25094564933876456,LOW_CONFIDENCE,10,73.4
MSME0516,1.0,0.32373975636772284,10,-0.38311693114689205,-0.3458419282900393,0.10429471702698301,0.25,242.11685909102044,0.7198946334029885,24,0.6352707423774823,0.3647292576225178,FULL,24,32.75
MSME0517,1.0,0.38629230158468014,4,-0.4638703144273309,-0.3338129485383994,0.5059475144049357,0.4166666666666667,25.19463438889929,0.37838230187289196,22,0.23501393913030721,0.7649860608696928,FULL,24,187.667
MSME0518,1.0,0.23131343917728575,3,-0.05138587941762575,-0.09924007145329522,0.6804295261407335,0.5,14.070513405792045,0.6739534239030948,19,0.6836792777885737,0.3163207222114262,FULL,24,154.833
MSME0519,1.0,0.4511436451969057,4,-0.22455302789567855,-0.14074391834764183,0.32055047836231987,0.5416666666666666,55.55156518737171,0.7292003978129387,23,0.5728476795683612,0.42715232043163875,FULL,24,60.542
MSME0520,1.0,0.22586576215508442,6,-0.09101504675379674,-0.025582820635197196,0.04145926929530326,0.9166666666666666,689.9987207187557,0.46179456209257363,24,0.7709469657667323,0.2290530342332677,FULL,24,40.75
demo_lakshmi,1.0,0.40865922472354477,6,0.18982659338541039,0.19317668028363874,0.36790175200572556,1.0,46.04614995411565,0.49582931128273067,24,0.8572071734444492,0.1427928265555508,FULL,24,244.042
